-- MariaDB dump 10.19-11.2.2-MariaDB, for Win64 (AMD64)
--
-- Host: i10a807.p.ssafy.io    Database: haryeom
-- ------------------------------------------------------
-- Server version	11.2.2-MariaDB-1:11.2.2+maria~ubu2204

/*!40101 SET @OLD_CHARACTER_SET_CLIENT=@@CHARACTER_SET_CLIENT */;
/*!40101 SET @OLD_CHARACTER_SET_RESULTS=@@CHARACTER_SET_RESULTS */;
/*!40101 SET @OLD_COLLATION_CONNECTION=@@COLLATION_CONNECTION */;
/*!40101 SET NAMES utf8mb4 */;
/*!40103 SET @OLD_TIME_ZONE=@@TIME_ZONE */;
/*!40103 SET TIME_ZONE='+00:00' */;
/*!40014 SET @OLD_UNIQUE_CHECKS=@@UNIQUE_CHECKS, UNIQUE_CHECKS=0 */;
/*!40014 SET @OLD_FOREIGN_KEY_CHECKS=@@FOREIGN_KEY_CHECKS, FOREIGN_KEY_CHECKS=0 */;
/*!40101 SET @OLD_SQL_MODE=@@SQL_MODE, SQL_MODE='NO_AUTO_VALUE_ON_ZERO' */;
/*!40111 SET @OLD_SQL_NOTES=@@SQL_NOTES, SQL_NOTES=0 */;

--
-- Table structure for table `assignment`
--

DROP TABLE IF EXISTS `assignment`;
/*!40101 SET @saved_cs_client     = @@character_set_client */;
/*!40101 SET character_set_client = utf8 */;
CREATE TABLE `assignment` (
  `id` bigint(20) NOT NULL AUTO_INCREMENT,
  `tutoring_id` bigint(20) NOT NULL,
  `textbook_id` bigint(20) NOT NULL,
  PRIMARY KEY (`id`),
  KEY `FK_textbook_id_in_assignment` (`textbook_id`),
  KEY `FK_tutoring_id_in_assignment` (`tutoring_id`),
  CONSTRAINT `FK_textbook_id_in_assignment` FOREIGN KEY (`textbook_id`) REFERENCES `textbook` (`id`),
  CONSTRAINT `FK_tutoring_id_in_assignment` FOREIGN KEY (`tutoring_id`) REFERENCES `tutoring` (`id`)
) ENGINE=InnoDB AUTO_INCREMENT=171 DEFAULT CHARSET=utf8mb4 COLLATE=utf8mb4_general_ci;
/*!40101 SET character_set_client = @saved_cs_client */;

--
-- Dumping data for table `assignment`
--

LOCK TABLES `assignment` WRITE;
/*!40000 ALTER TABLE `assignment` DISABLE KEYS */;
INSERT INTO `assignment` (`id`, `tutoring_id`, `textbook_id`) VALUES (46,17,8),
(47,17,9),
(48,17,10),
(52,19,17),
(53,19,18),
(54,19,19),
(55,20,20),
(56,20,21),
(57,20,22),
(58,21,23),
(59,21,24),
(60,21,25),
(61,22,29),
(62,22,30),
(63,22,31),
(64,23,32),
(65,23,33),
(66,23,34),
(67,24,35),
(68,24,36),
(69,24,37),
(79,27,46),
(89,25,46),
(90,26,46),
(91,26,41),
(92,20,17),
(93,21,17),
(97,49,73),
(98,35,59),
(99,45,69),
(100,32,56),
(101,42,66),
(102,46,70),
(103,47,71),
(104,48,72),
(105,31,55),
(106,52,76),
(107,37,82),
(108,37,61),
(109,54,78),
(110,55,79),
(112,37,87),
(113,36,60),
(114,44,68),
(115,34,58),
(116,44,81),
(131,29,53),
(135,63,99),
(136,29,100),
(137,29,101),
(147,69,53),
(148,68,53),
(150,70,112),
(156,18,8),
(157,18,9),
(158,18,10),
(160,25,121),
(161,27,121),
(164,29,124),
(165,29,125),
(166,68,125),
(167,69,125),
(168,79,125);
/*!40000 ALTER TABLE `assignment` ENABLE KEYS */;
UNLOCK TABLES;

--
-- Table structure for table `chat_room`
--

DROP TABLE IF EXISTS `chat_room`;
/*!40101 SET @saved_cs_client     = @@character_set_client */;
/*!40101 SET character_set_client = utf8 */;
CREATE TABLE `chat_room` (
  `id` bigint(20) NOT NULL AUTO_INCREMENT,
  `student_member_id` bigint(20) NOT NULL,
  `teacher_member_id` bigint(20) NOT NULL,
  `is_deleted` tinyint(1) DEFAULT 0,
  `created_at` datetime DEFAULT current_timestamp(),
  `updated_at` datetime DEFAULT current_timestamp() ON UPDATE current_timestamp(),
  PRIMARY KEY (`id`),
  KEY `FK_student_member_id_in_chat_room` (`student_member_id`),
  KEY `FK_teacher_member_id_in_chat_room` (`teacher_member_id`),
  CONSTRAINT `FK_student_member_id_in_chat_room` FOREIGN KEY (`student_member_id`) REFERENCES `member` (`id`),
  CONSTRAINT `FK_teacher_member_id_in_chat_room` FOREIGN KEY (`teacher_member_id`) REFERENCES `member` (`id`)
) ENGINE=InnoDB AUTO_INCREMENT=139 DEFAULT CHARSET=utf8mb4 COLLATE=utf8mb4_general_ci;
/*!40101 SET character_set_client = @saved_cs_client */;

--
-- Dumping data for table `chat_room`
--

LOCK TABLES `chat_room` WRITE;
/*!40000 ALTER TABLE `chat_room` DISABLE KEYS */;
INSERT INTO `chat_room` (`id`, `student_member_id`, `teacher_member_id`, `is_deleted`, `created_at`, `updated_at`) VALUES (6,43,39,0,'2024-02-01 00:07:51','2024-02-01 00:07:51'),
(7,44,39,0,'2024-02-01 00:07:51','2024-02-01 00:07:51'),
(8,43,41,0,'2024-02-01 00:07:51','2024-02-01 00:07:51'),
(9,44,41,0,'2024-02-01 00:07:51','2024-02-01 00:07:51'),
(10,45,41,0,'2024-02-01 00:07:51','2024-02-01 00:07:51'),
(11,43,42,0,'2024-02-01 00:07:51','2024-02-01 00:07:51'),
(12,44,42,0,'2024-02-01 00:07:51','2024-02-01 00:07:51'),
(13,45,42,0,'2024-02-01 00:07:51','2024-02-01 00:07:51'),
(14,47,42,0,'2024-02-05 04:06:37','2024-02-05 04:06:37'),
(15,45,46,0,'2024-02-05 04:09:57','2024-02-05 04:09:57'),
(17,43,46,0,'2024-02-06 09:52:45','2024-02-06 09:52:45'),
(18,44,46,0,'2024-02-08 09:15:28','2024-02-08 09:15:28'),
(36,60,57,0,'2024-02-07 15:04:22','2024-02-07 15:04:22'),
(37,61,58,0,'2024-02-07 15:12:37','2024-02-07 15:12:37'),
(38,62,59,0,'2024-02-07 15:12:37','2024-02-07 15:12:37'),
(39,66,63,0,'2024-02-07 15:35:23','2024-02-07 15:35:23'),
(40,67,64,0,'2024-02-07 15:35:46','2024-02-07 15:35:46'),
(41,68,65,0,'2024-02-07 15:35:53','2024-02-07 15:35:53'),
(42,72,69,0,'2024-02-07 15:36:14','2024-02-07 15:36:14'),
(43,73,70,0,'2024-02-07 15:36:20','2024-02-07 15:36:20'),
(44,74,71,0,'2024-02-07 15:36:26','2024-02-07 15:36:26'),
(45,78,75,0,'2024-02-07 15:36:33','2024-02-07 15:36:33'),
(46,79,76,0,'2024-02-07 15:36:41','2024-02-07 15:36:41'),
(47,80,77,0,'2024-02-07 15:36:48','2024-02-07 15:36:48'),
(48,84,81,0,'2024-02-07 15:36:57','2024-02-07 15:36:57'),
(49,85,82,0,'2024-02-07 15:37:03','2024-02-07 15:37:03'),
(50,86,83,0,'2024-02-07 15:37:10','2024-02-07 15:37:10'),
(51,90,87,0,'2024-02-07 15:37:17','2024-02-07 15:37:17'),
(52,91,88,0,'2024-02-07 15:37:23','2024-02-07 15:37:23'),
(53,92,89,0,'2024-02-07 15:37:29','2024-02-07 15:37:29'),
(54,96,93,0,'2024-02-07 15:37:37','2024-02-07 15:37:37'),
(55,97,94,0,'2024-02-07 15:37:44','2024-02-07 15:37:44'),
(56,98,95,0,'2024-02-07 15:37:51','2024-02-07 15:37:51'),
(57,102,99,0,'2024-02-07 15:37:59','2024-02-07 15:37:59'),
(58,103,100,0,'2024-02-07 15:38:07','2024-02-07 15:38:07'),
(59,104,101,0,'2024-02-07 15:38:15','2024-02-07 15:38:15'),
(60,108,105,0,'2024-02-07 15:38:21','2024-02-07 15:38:21'),
(61,109,106,0,'2024-02-07 15:38:30','2024-02-07 15:38:30'),
(62,110,107,0,'2024-02-07 15:38:37','2024-02-07 15:38:37'),
(63,41,105,0,'2024-02-07 20:42:59','2024-02-07 20:42:59'),
(64,86,107,0,'2024-02-08 04:08:20','2024-02-08 04:08:20'),
(65,72,65,0,'2024-02-08 04:08:25','2024-02-08 04:08:25'),
(66,62,58,0,'2024-02-08 04:08:29','2024-02-08 04:08:29'),
(67,98,94,0,'2024-02-08 04:08:35','2024-02-08 04:08:35'),
(68,78,106,0,'2024-02-08 04:08:44','2024-02-08 04:08:44'),
(69,78,100,0,'2024-02-08 04:08:48','2024-02-08 04:08:48'),
(70,106,107,0,'2024-02-08 04:09:15','2024-02-08 04:09:15'),
(71,86,101,0,'2024-02-08 04:09:25','2024-02-08 04:09:25'),
(72,72,64,0,'2024-02-08 04:09:30','2024-02-08 04:09:30'),
(73,85,83,0,'2024-02-08 04:09:40','2024-02-08 04:09:40'),
(74,103,99,0,'2024-02-08 04:09:48','2024-02-08 04:09:48'),
(75,104,107,0,'2024-02-08 04:09:57','2024-02-08 04:09:57'),
(76,68,64,0,'2024-02-08 04:10:17','2024-02-08 04:10:17'),
(77,63,46,0,'2024-02-08 04:10:19','2024-02-08 04:10:19'),
(78,69,70,0,'2024-02-08 04:11:05','2024-02-08 04:11:05'),
(79,104,106,0,'2024-02-08 04:11:25','2024-02-08 04:11:25'),
(80,112,113,0,'2024-02-08 04:12:11','2024-02-08 04:12:11'),
(81,80,113,0,'2024-02-08 04:12:20','2024-02-08 04:12:20'),
(82,80,76,0,'2024-02-08 04:13:23','2024-02-08 04:13:23'),
(83,101,113,0,'2024-02-08 04:13:40','2024-02-08 04:13:40'),
(84,79,99,0,'2024-02-08 04:13:56','2024-02-08 04:13:56'),
(85,58,57,0,'2024-02-08 04:14:43','2024-02-08 04:14:43'),
(86,86,113,0,'2024-02-08 04:15:19','2024-02-08 04:15:19'),
(87,110,105,0,'2024-02-08 04:15:36','2024-02-08 04:15:36'),
(88,103,101,0,'2024-02-08 04:15:38','2024-02-08 04:15:38'),
(89,85,41,0,'2024-02-08 04:15:58','2024-02-08 04:15:58'),
(90,117,75,0,'2024-02-08 04:16:05','2024-02-08 04:16:05'),
(91,85,113,0,'2024-02-08 04:16:10','2024-02-08 04:16:10'),
(92,109,107,0,'2024-02-08 04:16:20','2024-02-08 04:16:20'),
(93,73,113,0,'2024-02-08 04:16:25','2024-02-08 04:16:25'),
(94,109,105,0,'2024-02-08 04:16:52','2024-02-08 04:16:52'),
(95,108,107,0,'2024-02-08 04:17:04','2024-02-08 04:17:04'),
(96,108,106,0,'2024-02-08 04:17:17','2024-02-08 04:17:17'),
(97,118,101,0,'2024-02-08 04:17:28','2024-02-08 04:17:28'),
(98,101,107,0,'2024-02-08 04:18:15','2024-02-08 04:18:15'),
(99,43,113,0,'2024-02-08 04:32:19','2024-02-08 04:32:19'),
(100,60,41,0,'2024-02-12 04:41:17','2024-02-12 04:41:17'),
(101,60,59,0,'2024-02-13 01:26:02','2024-02-13 01:26:02'),
(102,60,106,0,'2024-02-13 01:26:19','2024-02-13 01:26:19'),
(104,47,46,0,'2024-02-13 04:15:51','2024-02-13 04:15:51'),
(105,41,100,0,'2024-02-13 15:02:28','2024-02-13 15:02:28'),
(106,41,69,0,'2024-02-13 15:34:14','2024-02-13 15:34:14'),
(107,47,107,0,'2024-02-13 06:35:43','2024-02-13 06:35:43'),
(108,47,106,0,'2024-02-13 06:36:14','2024-02-13 06:36:14'),
(109,42,46,0,'2024-02-13 06:36:42','2024-02-13 06:36:42'),
(110,42,113,0,'2024-02-13 06:36:51','2024-02-13 06:36:51'),
(111,60,107,0,'2024-02-13 15:41:49','2024-02-13 15:41:49'),
(112,62,107,0,'2024-02-13 15:50:45','2024-02-13 15:50:45'),
(113,62,106,0,'2024-02-13 15:54:40','2024-02-13 15:54:40'),
(114,44,121,0,'2024-02-14 05:18:29','2024-02-14 05:18:29'),
(115,62,57,0,'2024-02-14 07:05:40','2024-02-14 07:05:40'),
(116,62,121,0,'2024-02-14 07:32:06','2024-02-14 07:32:06'),
(117,104,41,0,'2024-02-14 07:32:09','2024-02-14 07:32:09'),
(118,104,57,0,'2024-02-14 07:32:31','2024-02-14 07:32:31'),
(119,57,41,0,'2024-02-14 07:46:16','2024-02-14 07:46:16'),
(120,45,123,0,'2024-02-15 00:05:30','2024-02-15 00:05:30'),
(122,44,105,0,'2024-02-15 02:55:50','2024-02-15 02:55:50'),
(130,67,57,0,'2024-02-15 08:39:03','2024-02-15 08:39:03'),
(138,57,46,0,'2024-02-15 18:41:57','2024-02-15 18:41:57');
/*!40000 ALTER TABLE `chat_room` ENABLE KEYS */;
UNLOCK TABLES;

--
-- Table structure for table `chat_room_state`
--

DROP TABLE IF EXISTS `chat_room_state`;
/*!40101 SET @saved_cs_client     = @@character_set_client */;
/*!40101 SET character_set_client = utf8 */;
CREATE TABLE `chat_room_state` (
  `id` bigint(20) NOT NULL AUTO_INCREMENT,
  `chat_room_id` bigint(20) DEFAULT NULL,
  `member_id` bigint(20) DEFAULT NULL,
  `last_read_message_id` varchar(24) DEFAULT '000000000000000000000000',
  `is_deleted` tinyint(1) DEFAULT 0,
  PRIMARY KEY (`id`),
  KEY `chat_room_id` (`chat_room_id`),
  KEY `member_id` (`member_id`),
  CONSTRAINT `chat_room_state_ibfk_1` FOREIGN KEY (`chat_room_id`) REFERENCES `chat_room` (`id`),
  CONSTRAINT `chat_room_state_ibfk_2` FOREIGN KEY (`member_id`) REFERENCES `member` (`id`)
) ENGINE=InnoDB AUTO_INCREMENT=237 DEFAULT CHARSET=utf8mb4 COLLATE=utf8mb4_unicode_ci;
/*!40101 SET character_set_client = @saved_cs_client */;

--
-- Dumping data for table `chat_room_state`
--

LOCK TABLES `chat_room_state` WRITE;
/*!40000 ALTER TABLE `chat_room_state` DISABLE KEYS */;
INSERT INTO `chat_room_state` (`id`, `chat_room_id`, `member_id`, `last_read_message_id`, `is_deleted`) VALUES (1,6,39,'000000000000000000000000',0),
(2,6,43,'000000000000000000000000',0),
(3,7,39,'65c14eb11931154bdb4765ec',0),
(4,7,44,'65c14eb11931154bdb4765ec',0),
(5,8,41,'000000000000000000000000',0),
(6,8,43,'000000000000000000000000',0),
(7,9,41,'65c337e1cddb4a285f7c04ea',0),
(8,9,44,'65c337e1cddb4a285f7c04ea',0),
(9,10,41,'65c1c20f67fc66091e3de67e',0),
(10,10,45,'65c1c20f67fc66091e3de67e',0),
(11,11,42,'65c4590a5edfeb5713aa4b07',0),
(12,11,43,'65c4590a5edfeb5713aa4b07',0),
(13,12,42,'65c336abaca3a772edf356b9',0),
(14,12,44,'65c336abaca3a772edf356b9',0),
(15,13,42,'65cc731c23c787528f47df73',0),
(16,13,45,'65cc4c7486e40a4624416e95',0),
(17,14,47,'65c44d1c3fc8fc6d7d9ce89a',0),
(18,14,42,'65c44d1c3fc8fc6d7d9ce89a',0),
(19,15,45,'65cb06965dee6225359b4ebd',0),
(20,15,46,'65cb06965dee6225359b4ebd',0),
(23,17,43,'65cdf49bc9074803dc4d67bb',0),
(24,17,46,'65cdf49bc9074803dc4d67bb',0),
(29,36,60,'65c4bc755edfeb5713aa4b0f',0),
(30,36,57,'65c4bc755edfeb5713aa4b0f',0),
(31,37,61,'65c4550b5edfeb5713aa49ea',0),
(32,37,58,'65c4550b5edfeb5713aa49ea',0),
(33,38,62,'65c454095edfeb5713aa4980',0),
(34,38,59,'65c454095edfeb5713aa4980',0),
(35,39,66,'65c453f55edfeb5713aa4978',0),
(36,39,63,'65c453f55edfeb5713aa4978',0),
(37,40,67,'000000000000000000000000',0),
(38,40,64,'000000000000000000000000',0),
(39,41,68,'65c454205edfeb5713aa49c8',0),
(40,41,65,'65c454205edfeb5713aa49c8',0),
(41,42,72,'65c454035edfeb5713aa497e',0),
(42,42,69,'65c454035edfeb5713aa497e',0),
(43,43,73,'65c453b95edfeb5713aa4931',0),
(44,43,70,'000000000000000000000000',0),
(45,44,74,'65c453605edfeb5713aa48f7',0),
(46,44,71,'65c453685edfeb5713aa48fb',0),
(47,45,78,'65c454685edfeb5713aa49d3',0),
(48,45,75,'000000000000000000000000',0),
(49,46,79,'000000000000000000000000',0),
(50,46,76,'000000000000000000000000',0),
(51,47,80,'65c4550c5edfeb5713aa49eb',0),
(52,47,77,'000000000000000000000000',0),
(53,48,84,'000000000000000000000000',0),
(54,48,81,'000000000000000000000000',0),
(55,49,85,'65c4555f5edfeb5713aa4ab9',0),
(56,49,82,'65c455465edfeb5713aa4aa3',0),
(57,50,86,'65c455325edfeb5713aa4a17',0),
(58,50,83,'65c455325edfeb5713aa4a17',0),
(59,51,90,'65c455e65edfeb5713aa4b03',0),
(60,51,87,'65c455f95edfeb5713aa4b05',0),
(61,52,91,'65c4551e5edfeb5713aa49f1',0),
(62,52,88,'65c4551e5edfeb5713aa49f1',0),
(63,53,92,'65c453cf5edfeb5713aa4952',0),
(64,53,89,'65c453cf5edfeb5713aa4952',0),
(65,54,96,'65c4540b5edfeb5713aa4982',0),
(66,54,93,'65c4540b5edfeb5713aa4982',0),
(67,55,97,'65c453d65edfeb5713aa495d',0),
(68,55,94,'65c453d65edfeb5713aa495d',0),
(69,56,98,'65c453f15edfeb5713aa4975',0),
(70,56,95,'65c4541b5edfeb5713aa49a9',0),
(71,57,102,'65c453ed5edfeb5713aa4971',0),
(72,57,99,'65c453ed5edfeb5713aa4971',0),
(73,58,103,'65c455895edfeb5713aa4ad5',0),
(74,58,100,'000000000000000000000000',0),
(75,59,104,'65c455095edfeb5713aa49e8',0),
(76,59,101,'65c455095edfeb5713aa49e8',0),
(77,60,108,'65c455435edfeb5713aa4a99',0),
(78,60,105,'65c455495edfeb5713aa4aad',0),
(79,61,109,'65c455335edfeb5713aa4a19',0),
(80,61,106,'65c455335edfeb5713aa4a19',0),
(81,62,110,'65c455755edfeb5713aa4acf',0),
(82,62,107,'65c455755edfeb5713aa4acf',0),
(83,63,41,'000000000000000000000000',0),
(84,63,105,'000000000000000000000000',0),
(85,18,46,'65cb069f5dee6225359b4ebf',0),
(86,18,44,'65cb069f5dee6225359b4ebf',0),
(87,64,86,'65c453c55edfeb5713aa493d',0),
(88,64,107,'65c453c55edfeb5713aa493d',0),
(89,65,72,'65c453f45edfeb5713aa4977',0),
(90,65,65,'65c453f45edfeb5713aa4977',0),
(91,66,62,'65cc730923c787528f47df71',0),
(92,66,58,'65c455005edfeb5713aa49e3',0),
(93,67,98,'65c453c85edfeb5713aa4947',0),
(94,67,94,'000000000000000000000000',0),
(95,68,78,'000000000000000000000000',0),
(96,68,106,'000000000000000000000000',0),
(97,69,78,'65c453d55edfeb5713aa495c',0),
(98,69,100,'65c453d55edfeb5713aa495c',0),
(99,70,106,'65c4556d5edfeb5713aa4aca',0),
(100,70,107,'65c4556d5edfeb5713aa4aca',0),
(101,71,86,'000000000000000000000000',0),
(102,71,101,'000000000000000000000000',0),
(103,72,72,'000000000000000000000000',0),
(104,72,64,'000000000000000000000000',0),
(105,73,85,'65c455595edfeb5713aa4ab6',0),
(106,73,83,'65c455595edfeb5713aa4ab6',0),
(107,74,103,'65c4543f5edfeb5713aa49cf',0),
(108,74,99,'65c4543f5edfeb5713aa49cf',0),
(109,75,104,'000000000000000000000000',0),
(110,75,107,'000000000000000000000000',0),
(111,76,68,'65c455ed5edfeb5713aa4b04',0),
(112,76,64,'000000000000000000000000',0),
(113,77,63,'65c455ba5edfeb5713aa4ae6',0),
(114,77,46,'65cb06a55dee6225359b4ec0',0),
(115,78,69,'65c4545f5edfeb5713aa49d1',0),
(116,78,70,'000000000000000000000000',0),
(117,79,104,'000000000000000000000000',0),
(118,79,106,'000000000000000000000000',0),
(119,80,112,'65c454e55edfeb5713aa49db',0),
(120,80,113,'000000000000000000000000',0),
(121,81,80,'65c454ae5edfeb5713aa49d7',0),
(122,81,113,'000000000000000000000000',0),
(123,82,80,'65c455205edfeb5713aa49f3',0),
(124,82,76,'000000000000000000000000',0),
(125,83,101,'65c454fa5edfeb5713aa49e2',0),
(126,83,113,'000000000000000000000000',0),
(127,84,79,'000000000000000000000000',0),
(128,84,99,'000000000000000000000000',0),
(129,85,58,'65c455385edfeb5713aa4a32',0),
(130,85,57,'65cc2d1eef4d8458036e9e7e',0),
(131,86,86,'000000000000000000000000',0),
(132,86,113,'000000000000000000000000',0),
(133,87,110,'65c455c15edfeb5713aa4aef',0),
(134,87,105,'65c455c15edfeb5713aa4aef',0),
(135,88,103,'65cb2d786464945058b75ccb',0),
(136,88,101,'65cb2d786464945058b75ccb',0),
(137,89,85,'000000000000000000000000',0),
(138,89,41,'000000000000000000000000',0),
(139,90,117,'65c455975edfeb5713aa4adf',0),
(140,90,75,'000000000000000000000000',0),
(141,91,85,'000000000000000000000000',0),
(142,91,113,'000000000000000000000000',0),
(143,92,109,'65c455975edfeb5713aa4ade',0),
(144,92,107,'65c455bf5edfeb5713aa4aee',0),
(145,93,73,'65c455b85edfeb5713aa4ae4',0),
(146,93,113,'000000000000000000000000',0),
(147,94,109,'65c455e05edfeb5713aa4b00',0),
(148,94,105,'65c455e05edfeb5713aa4b00',0),
(149,95,108,'000000000000000000000000',0),
(150,95,107,'000000000000000000000000',0),
(151,96,108,'000000000000000000000000',0),
(152,96,106,'000000000000000000000000',0),
(153,97,118,'000000000000000000000000',0),
(154,97,101,'000000000000000000000000',0),
(155,98,101,'000000000000000000000000',0),
(156,98,107,'000000000000000000000000',0),
(157,99,43,'000000000000000000000000',0),
(158,99,113,'000000000000000000000000',0),
(159,100,60,'000000000000000000000000',0),
(160,100,41,'000000000000000000000000',0),
(161,101,60,'000000000000000000000000',0),
(162,101,59,'000000000000000000000000',0),
(163,102,60,'000000000000000000000000',0),
(164,102,106,'000000000000000000000000',0),
(167,104,47,'65cb0afb6464945058b75cc7',0),
(168,104,46,'65cb0afb6464945058b75cc7',0),
(169,105,41,'000000000000000000000000',0),
(170,105,100,'000000000000000000000000',0),
(171,106,41,'000000000000000000000000',0),
(172,106,69,'000000000000000000000000',0),
(173,107,47,'000000000000000000000000',0),
(174,107,107,'000000000000000000000000',0),
(175,108,47,'000000000000000000000000',0),
(176,108,106,'000000000000000000000000',0),
(177,109,42,'000000000000000000000000',0),
(178,109,46,'000000000000000000000000',0),
(179,110,42,'000000000000000000000000',0),
(180,110,113,'000000000000000000000000',0),
(181,111,60,'65cb0f50566bac64bbf46dcc',0),
(182,111,107,'65cb0f50566bac64bbf46dcc',0),
(183,112,62,'000000000000000000000000',0),
(184,112,107,'000000000000000000000000',0),
(185,113,62,'65cb124d566bac64bbf46dd1',0),
(186,113,106,'65cb124d566bac64bbf46dd1',0),
(187,114,44,'65cc62d26b4e3104432bc8d4',0),
(188,114,121,'000000000000000000000000',0),
(189,115,62,'000000000000000000000000',0),
(190,115,57,'000000000000000000000000',0),
(191,116,62,'000000000000000000000000',0),
(192,116,121,'000000000000000000000000',0),
(193,117,104,'000000000000000000000000',0),
(194,117,41,'000000000000000000000000',0),
(195,118,104,'65cc72f0cce1b261e7d94279',0),
(196,118,57,'65cc72f0cce1b261e7d94279',0),
(197,119,57,'65cc7acdc1807c380b0f6dbf',0),
(198,119,41,'000000000000000000000000',0),
(199,120,45,'65cd557b14be256657bd134e',0),
(200,120,123,'65cd557b14be256657bd134e',0),
(203,122,44,'000000000000000000000000',0),
(204,122,105,'000000000000000000000000',0),
(219,130,67,'000000000000000000000000',0),
(220,130,57,'000000000000000000000000',0),
(235,138,57,'65ce5b0ab9c6ad114be8e33c',0),
(236,138,46,'000000000000000000000000',0);
/*!40000 ALTER TABLE `chat_room_state` ENABLE KEYS */;
UNLOCK TABLES;

--
-- Table structure for table `drawing`
--

DROP TABLE IF EXISTS `drawing`;
/*!40101 SET @saved_cs_client     = @@character_set_client */;
/*!40101 SET character_set_client = utf8 */;
CREATE TABLE `drawing` (
  `id` bigint(20) NOT NULL AUTO_INCREMENT,
  `homework_id` bigint(20) NOT NULL,
  `page` int(11) DEFAULT NULL,
  `homework_drawing_url` varchar(2048) DEFAULT NULL,
  `review_drawing_url` varchar(2048) DEFAULT NULL,
  `teacher_drawing_url` varchar(2048) DEFAULT NULL,
  PRIMARY KEY (`id`),
  KEY `FK_homework_id_in_drawing` (`homework_id`),
  CONSTRAINT `FK_homework_id_in_drawing` FOREIGN KEY (`homework_id`) REFERENCES `homework` (`id`)
) ENGINE=InnoDB AUTO_INCREMENT=118 DEFAULT CHARSET=utf8mb4 COLLATE=utf8mb4_general_ci;
/*!40101 SET character_set_client = @saved_cs_client */;

--
-- Dumping data for table `drawing`
--

LOCK TABLES `drawing` WRITE;
/*!40000 ALTER TABLE `drawing` DISABLE KEYS */;
INSERT INTO `drawing` (`id`, `homework_id`, `page`, `homework_drawing_url`, `review_drawing_url`, `teacher_drawing_url`) VALUES (1,31,10,'https://hjr-bucket.s3.ap-northeast-2.amazonaws.com/hjrimage.jpg','http://iamge.url/drawing1','http://iamge.url/drawing1'),
(2,31,11,'https://hjr-bucket.s3.ap-northeast-2.amazonaws.com/hjrimage.jpg','http://iamge.url/drawing2','http://iamge.url/drawing2'),
(3,31,12,'https://hjr-bucket.s3.ap-northeast-2.amazonaws.com/hjrimage.jpg','http://iamge.url/drawing3','http://iamge.url/drawing3'),
(4,31,13,'https://hjr-bucket.s3.ap-northeast-2.amazonaws.com/hjrimage.jpg','http://iamge.url/drawing4','http://iamge.url/drawing4'),
(5,31,14,'https://hjr-bucket.s3.ap-northeast-2.amazonaws.com/hjrimage.jpg','http://iamge.url/drawing5','http://iamge.url/drawing5'),
(6,31,15,'https://hjr-bucket.s3.ap-northeast-2.amazonaws.com/hjrimage.jpg','http://iamge.url/drawing6','http://iamge.url/drawing6'),
(7,71,3,'https://d1b632bso7m0wd.cloudfront.net/71_blob_3',NULL,NULL),
(8,71,5,'https://d1b632bso7m0wd.cloudfront.net/71_blob_5',NULL,NULL),
(9,71,6,'https://d1b632bso7m0wd.cloudfront.net/71_blob_6',NULL,NULL),
(10,72,3,'https://d1b632bso7m0wd.cloudfront.net/72_blob_3',NULL,NULL),
(11,31,3,'https://d1b632bso7m0wd.cloudfront.net/31_blob_3',NULL,NULL),
(12,31,5,'https://d1b632bso7m0wd.cloudfront.net/31_blob_5',NULL,NULL),
(13,31,6,'https://d1b632bso7m0wd.cloudfront.net/31_blob_6',NULL,NULL),
(14,122,3,'https://d1b632bso7m0wd.cloudfront.net/122_blob_3',NULL,NULL),
(15,122,5,'https://d1b632bso7m0wd.cloudfront.net/122_blob_5',NULL,NULL),
(16,122,6,'https://d1b632bso7m0wd.cloudfront.net/122_blob_6',NULL,NULL),
(17,124,3,'https://d1b632bso7m0wd.cloudfront.net/124_blob_3',NULL,NULL),
(18,124,5,'https://d1b632bso7m0wd.cloudfront.net/124_blob_5',NULL,NULL),
(19,124,6,'https://d1b632bso7m0wd.cloudfront.net/124_blob_6',NULL,NULL),
(20,42,3,'https://d1b632bso7m0wd.cloudfront.net/42_blob_3',NULL,NULL),
(21,42,5,'https://d1b632bso7m0wd.cloudfront.net/42_blob_5',NULL,NULL),
(22,42,6,'https://d1b632bso7m0wd.cloudfront.net/42_blob_6',NULL,NULL),
(23,131,2,'https://d1b632bso7m0wd.cloudfront.net/131_blob_2',NULL,NULL),
(24,131,5,'https://d1b632bso7m0wd.cloudfront.net/131_blob_5',NULL,NULL),
(25,131,6,'https://d1b632bso7m0wd.cloudfront.net/131_blob_6',NULL,NULL),
(26,131,7,'https://d1b632bso7m0wd.cloudfront.net/131_blob_7',NULL,NULL),
(27,131,8,'https://d1b632bso7m0wd.cloudfront.net/131_blob_8',NULL,NULL),
(28,131,10,'https://d1b632bso7m0wd.cloudfront.net/131_blob_10',NULL,NULL),
(29,131,30,'https://d1b632bso7m0wd.cloudfront.net/131_blob_30',NULL,NULL),
(30,131,1,'https://d1b632bso7m0wd.cloudfront.net/131_blob_1',NULL,NULL),
(31,131,3,'https://d1b632bso7m0wd.cloudfront.net/131_blob_3',NULL,NULL),
(32,131,4,'https://d1b632bso7m0wd.cloudfront.net/131_blob_4',NULL,NULL),
(33,131,9,'https://d1b632bso7m0wd.cloudfront.net/131_blob_9',NULL,NULL),
(34,131,14,'https://d1b632bso7m0wd.cloudfront.net/131_blob_14',NULL,NULL),
(35,131,13,'https://d1b632bso7m0wd.cloudfront.net/131_blob_13',NULL,NULL),
(36,131,15,'https://d1b632bso7m0wd.cloudfront.net/131_blob_15',NULL,NULL),
(37,131,12,'https://d1b632bso7m0wd.cloudfront.net/131_blob_12',NULL,NULL),
(38,131,11,'https://d1b632bso7m0wd.cloudfront.net/131_blob_11',NULL,NULL),
(39,131,16,'https://d1b632bso7m0wd.cloudfront.net/131_blob_16',NULL,NULL),
(40,135,1,'https://d1b632bso7m0wd.cloudfront.net/135_blob_1',NULL,NULL),
(41,114,1,'https://d1b632bso7m0wd.cloudfront.net/114_blob_1',NULL,NULL),
(42,114,2,'https://d1b632bso7m0wd.cloudfront.net/114_blob_2',NULL,NULL),
(43,114,3,'https://d1b632bso7m0wd.cloudfront.net/114_blob_3',NULL,NULL),
(44,114,4,'https://d1b632bso7m0wd.cloudfront.net/114_blob_4',NULL,NULL),
(45,114,5,'https://d1b632bso7m0wd.cloudfront.net/114_blob_5',NULL,NULL),
(46,114,6,'https://d1b632bso7m0wd.cloudfront.net/114_blob_6',NULL,NULL),
(47,114,7,'https://d1b632bso7m0wd.cloudfront.net/114_blob_7',NULL,NULL),
(48,114,8,'https://d1b632bso7m0wd.cloudfront.net/114_blob_8',NULL,NULL),
(49,114,9,'https://d1b632bso7m0wd.cloudfront.net/114_blob_9',NULL,NULL),
(50,114,10,'https://d1b632bso7m0wd.cloudfront.net/114_blob_10',NULL,NULL),
(51,32,1,'https://d1b632bso7m0wd.cloudfront.net/32_blob_1',NULL,NULL),
(52,32,2,'https://d1b632bso7m0wd.cloudfront.net/32_blob_2',NULL,NULL),
(53,136,1,'https://d1b632bso7m0wd.cloudfront.net/136_blob_1',NULL,NULL),
(54,136,15,'https://d1b632bso7m0wd.cloudfront.net/136_blob_15',NULL,NULL),
(55,136,16,'https://d1b632bso7m0wd.cloudfront.net/136_blob_16',NULL,NULL),
(56,136,2,'https://d1b632bso7m0wd.cloudfront.net/136_blob_2',NULL,NULL),
(57,136,3,'https://d1b632bso7m0wd.cloudfront.net/136_blob_3',NULL,NULL),
(58,136,14,'https://d1b632bso7m0wd.cloudfront.net/136_blob_14',NULL,NULL),
(59,136,17,'https://d1b632bso7m0wd.cloudfront.net/136_blob_17',NULL,NULL),
(60,136,18,'https://d1b632bso7m0wd.cloudfront.net/136_blob_18',NULL,NULL),
(61,136,19,'https://d1b632bso7m0wd.cloudfront.net/136_blob_19',NULL,NULL),
(62,136,20,'https://d1b632bso7m0wd.cloudfront.net/136_blob_20',NULL,NULL),
(63,71,1,'https://d1b632bso7m0wd.cloudfront.net/71_blob_1',NULL,NULL),
(64,71,2,'https://d1b632bso7m0wd.cloudfront.net/71_blob_2',NULL,NULL),
(65,71,4,'https://d1b632bso7m0wd.cloudfront.net/71_blob_4',NULL,NULL),
(66,71,8,'https://d1b632bso7m0wd.cloudfront.net/71_blob_8',NULL,NULL),
(67,135,2,'https://d1b632bso7m0wd.cloudfront.net/135_blob_2',NULL,NULL),
(68,135,5,'https://d1b632bso7m0wd.cloudfront.net/135_blob_5',NULL,NULL),
(69,42,1,'https://d1b632bso7m0wd.cloudfront.net/42_blob_1',NULL,NULL),
(70,42,2,'https://d1b632bso7m0wd.cloudfront.net/42_blob_2',NULL,NULL),
(71,42,4,'https://d1b632bso7m0wd.cloudfront.net/42_blob_4',NULL,NULL),
(72,42,7,'https://d1b632bso7m0wd.cloudfront.net/42_blob_7',NULL,NULL),
(73,42,8,'https://d1b632bso7m0wd.cloudfront.net/42_blob_8',NULL,NULL),
(74,42,9,'https://d1b632bso7m0wd.cloudfront.net/42_blob_9',NULL,NULL),
(75,42,10,'https://d1b632bso7m0wd.cloudfront.net/42_blob_10',NULL,NULL),
(76,91,1,'https://d1b632bso7m0wd.cloudfront.net/91_blob_1',NULL,NULL),
(77,63,1,'https://d1b632bso7m0wd.cloudfront.net/63_blob_1',NULL,NULL),
(78,63,2,'https://d1b632bso7m0wd.cloudfront.net/63_blob_2',NULL,NULL),
(79,63,4,'https://d1b632bso7m0wd.cloudfront.net/63_blob_4',NULL,NULL),
(80,63,5,'https://d1b632bso7m0wd.cloudfront.net/63_blob_5',NULL,NULL),
(81,50,10,'https://d1b632bso7m0wd.cloudfront.net/50_blob_10',NULL,NULL),
(82,43,1,'https://d1b632bso7m0wd.cloudfront.net/43_blob_1',NULL,NULL),
(83,144,1,'https://d1b632bso7m0wd.cloudfront.net/144_blob_1',NULL,NULL),
(84,144,4,'https://d1b632bso7m0wd.cloudfront.net/144_blob_4',NULL,NULL),
(88,135,3,'https://d1b632bso7m0wd.cloudfront.net/135_blob_3',NULL,NULL),
(91,135,4,'https://d1b632bso7m0wd.cloudfront.net/135_blob_4',NULL,NULL),
(92,135,6,'https://d1b632bso7m0wd.cloudfront.net/135_blob_6',NULL,NULL),
(93,143,1,'https://d1b632bso7m0wd.cloudfront.net/143_blob_1',NULL,NULL),
(94,143,2,'https://d1b632bso7m0wd.cloudfront.net/143_blob_2',NULL,NULL),
(95,143,3,'https://d1b632bso7m0wd.cloudfront.net/143_blob_3',NULL,NULL),
(96,143,4,'https://d1b632bso7m0wd.cloudfront.net/143_blob_4',NULL,NULL),
(97,143,5,'https://d1b632bso7m0wd.cloudfront.net/143_blob_5',NULL,NULL),
(98,143,6,'https://d1b632bso7m0wd.cloudfront.net/143_blob_6',NULL,NULL),
(99,143,7,'https://d1b632bso7m0wd.cloudfront.net/143_blob_7',NULL,NULL),
(100,143,8,'https://d1b632bso7m0wd.cloudfront.net/143_blob_8',NULL,NULL),
(101,143,9,'https://d1b632bso7m0wd.cloudfront.net/143_blob_9',NULL,NULL),
(102,143,10,'https://d1b632bso7m0wd.cloudfront.net/143_blob_10',NULL,NULL),
(104,153,1,'https://d1b632bso7m0wd.cloudfront.net/153_blob_1',NULL,NULL),
(105,153,2,'https://d1b632bso7m0wd.cloudfront.net/153_blob_2',NULL,NULL),
(111,162,1,'https://d1b632bso7m0wd.cloudfront.net/162_blob_1',NULL,NULL),
(112,163,1,'https://d1b632bso7m0wd.cloudfront.net/163_blob_1',NULL,NULL),
(113,163,2,'https://d1b632bso7m0wd.cloudfront.net/163_blob_2',NULL,NULL),
(114,163,5,'https://d1b632bso7m0wd.cloudfront.net/163_blob_5',NULL,NULL);
/*!40000 ALTER TABLE `drawing` ENABLE KEYS */;
UNLOCK TABLES;

--
-- Table structure for table `homework`
--

DROP TABLE IF EXISTS `homework`;
/*!40101 SET @saved_cs_client     = @@character_set_client */;
/*!40101 SET character_set_client = utf8 */;
CREATE TABLE `homework` (
  `id` bigint(20) NOT NULL AUTO_INCREMENT,
  `textbook_id` bigint(20) NOT NULL,
  `tutoring_id` bigint(20) NOT NULL,
  `deadline` date DEFAULT NULL,
  `start_page` int(11) DEFAULT NULL,
  `end_page` int(11) DEFAULT NULL,
  `status` varchar(20) DEFAULT 'UNCONFIRMED' COMMENT 'UNCONFIRMED, IN_PROGRESS, COMPLETED',
  `created_at` datetime DEFAULT current_timestamp(),
  `updated_at` datetime DEFAULT current_timestamp() ON UPDATE current_timestamp(),
  `is_deleted` tinyint(1) DEFAULT 0,
  `version` bigint(20) DEFAULT 0,
  PRIMARY KEY (`id`),
  KEY `FK_textbook_id_in_homework` (`textbook_id`),
  KEY `FK_tutoring_id_in_homework` (`tutoring_id`),
  CONSTRAINT `FK_textbook_id_in_homework` FOREIGN KEY (`textbook_id`) REFERENCES `textbook` (`id`),
  CONSTRAINT `FK_tutoring_id_in_homework` FOREIGN KEY (`tutoring_id`) REFERENCES `tutoring` (`id`)
) ENGINE=InnoDB AUTO_INCREMENT=167 DEFAULT CHARSET=utf8mb4 COLLATE=utf8mb4_general_ci;
/*!40101 SET character_set_client = @saved_cs_client */;

--
-- Dumping data for table `homework`
--

LOCK TABLES `homework` WRITE;
/*!40000 ALTER TABLE `homework` DISABLE KEYS */;
INSERT INTO `homework` (`id`, `textbook_id`, `tutoring_id`, `deadline`, `start_page`, `end_page`, `status`, `created_at`, `updated_at`, `is_deleted`, `version`) VALUES (31,8,17,'2024-02-10',1,10,'IN_PROGRESS','2024-02-01 01:57:03','2024-02-05 10:03:52',0,0),
(32,8,17,'2024-02-17',11,20,'COMPLETED','2024-02-01 01:57:03','2024-02-13 06:13:17',0,4),
(33,8,17,'2024-02-24',21,30,'UNCONFIRMED','2024-02-01 01:57:03','2024-02-01 01:57:03',0,0),
(34,8,17,'2024-03-02',31,40,'UNCONFIRMED','2024-02-01 01:57:03','2024-02-01 01:57:03',0,0),
(35,8,17,'2024-03-09',41,50,'UNCONFIRMED','2024-02-01 01:57:03','2024-02-01 01:57:03',0,0),
(36,8,17,'2024-03-16',51,60,'UNCONFIRMED','2024-02-01 01:57:03','2024-02-01 01:57:03',0,0),
(37,8,17,'2024-03-23',61,70,'UNCONFIRMED','2024-02-01 01:57:03','2024-02-01 01:57:03',0,0),
(38,8,17,'2024-03-30',71,80,'UNCONFIRMED','2024-02-01 01:57:03','2024-02-01 01:57:03',0,0),
(39,8,17,'2024-04-06',81,90,'UNCONFIRMED','2024-02-01 01:57:03','2024-02-01 01:57:03',0,0),
(40,8,17,'2024-04-13',91,100,'UNCONFIRMED','2024-02-01 01:57:03','2024-02-01 01:57:03',0,0),
(41,11,18,'2024-02-10',1,10,'IN_PROGRESS','2024-02-01 01:57:03','2024-02-14 04:55:01',0,1),
(42,11,18,'2024-02-17',11,20,'COMPLETED','2024-02-01 01:57:03','2024-02-14 04:53:27',0,3),
(43,11,18,'2024-02-24',21,30,'COMPLETED','2024-02-01 01:57:03','2024-02-14 05:13:48',0,2),
(44,11,18,'2024-03-02',31,40,'IN_PROGRESS','2024-02-01 01:57:03','2024-02-14 04:51:24',0,1),
(45,11,18,'2024-03-09',41,50,'IN_PROGRESS','2024-02-01 01:57:03','2024-02-13 04:58:02',0,3),
(46,11,18,'2024-03-16',51,60,'IN_PROGRESS','2024-02-01 01:57:03','2024-02-15 10:35:23',0,1),
(47,11,18,'2024-03-23',61,70,'UNCONFIRMED','2024-02-01 01:57:03','2024-02-01 01:57:03',0,0),
(48,11,18,'2024-03-30',71,80,'IN_PROGRESS','2024-02-01 01:57:03','2024-02-14 05:05:55',0,1),
(49,11,18,'2024-04-06',81,90,'IN_PROGRESS','2024-02-01 01:57:03','2024-02-08 09:35:19',0,0),
(50,11,18,'2024-04-13',91,100,'IN_PROGRESS','2024-02-01 01:57:03','2024-02-14 05:06:20',0,1),
(51,17,19,'2024-02-10',1,10,'IN_PROGRESS','2024-02-01 01:57:03','2024-02-12 02:48:54',0,0),
(52,17,19,'2024-02-17',11,20,'UNCONFIRMED','2024-02-01 01:57:03','2024-02-01 01:57:03',0,0),
(53,17,19,'2024-02-24',21,30,'IN_PROGRESS','2024-02-01 01:57:03','2024-02-12 02:48:56',0,0),
(54,17,19,'2024-03-02',31,40,'UNCONFIRMED','2024-02-01 01:57:03','2024-02-01 01:57:03',0,0),
(55,17,19,'2024-03-09',41,50,'UNCONFIRMED','2024-02-01 01:57:03','2024-02-01 01:57:03',0,0),
(56,17,19,'2024-03-16',51,60,'UNCONFIRMED','2024-02-01 01:57:03','2024-02-01 01:57:03',0,0),
(57,17,19,'2024-03-23',61,70,'UNCONFIRMED','2024-02-01 01:57:03','2024-02-01 01:57:03',0,0),
(58,17,19,'2024-03-30',71,80,'UNCONFIRMED','2024-02-01 01:57:03','2024-02-01 01:57:03',0,0),
(59,17,19,'2024-04-06',81,90,'UNCONFIRMED','2024-02-01 01:57:03','2024-02-01 01:57:03',0,0),
(60,17,19,'2024-04-13',91,100,'UNCONFIRMED','2024-02-01 01:57:03','2024-02-01 01:57:03',0,0),
(61,20,20,'2024-02-10',1,10,'IN_PROGRESS','2024-02-01 01:57:03','2024-02-14 04:55:38',0,1),
(62,20,20,'2024-02-17',11,20,'UNCONFIRMED','2024-02-01 01:57:03','2024-02-01 01:57:03',0,0),
(63,20,20,'2024-02-24',21,30,'COMPLETED','2024-02-01 01:57:03','2024-02-14 04:56:55',0,1),
(64,20,20,'2024-03-02',31,40,'UNCONFIRMED','2024-02-01 01:57:03','2024-02-01 01:57:03',0,0),
(65,20,20,'2024-03-09',41,50,'UNCONFIRMED','2024-02-01 01:57:03','2024-02-01 01:57:03',0,0),
(66,20,20,'2024-03-16',51,60,'UNCONFIRMED','2024-02-01 01:57:03','2024-02-01 01:57:03',0,0),
(67,20,20,'2024-03-23',61,70,'UNCONFIRMED','2024-02-01 01:57:03','2024-02-01 01:57:03',0,0),
(68,20,20,'2024-03-30',71,80,'UNCONFIRMED','2024-02-01 01:57:03','2024-02-01 01:57:03',0,0),
(69,20,20,'2024-04-06',81,90,'UNCONFIRMED','2024-02-01 01:57:03','2024-02-01 01:57:03',0,0),
(70,20,20,'2024-04-13',91,100,'UNCONFIRMED','2024-02-01 01:57:03','2024-02-01 01:57:03',0,0),
(71,21,21,'2024-02-10',1,10,'IN_PROGRESS','2024-02-01 01:57:03','2024-02-05 04:09:10',0,0),
(72,21,21,'2024-02-17',11,20,'IN_PROGRESS','2024-02-01 01:57:03','2024-02-06 08:17:26',0,0),
(73,21,21,'2024-02-24',21,30,'IN_PROGRESS','2024-02-01 01:57:03','2024-02-11 13:44:45',0,0),
(74,21,21,'2024-03-02',31,40,'IN_PROGRESS','2024-02-01 01:57:03','2024-02-11 13:45:03',0,0),
(75,21,21,'2024-03-09',41,50,'IN_PROGRESS','2024-02-01 01:57:03','2024-02-11 13:48:48',0,0),
(76,21,21,'2024-03-16',51,60,'IN_PROGRESS','2024-02-01 01:57:03','2024-02-13 00:09:59',0,1),
(77,21,21,'2024-03-23',61,70,'IN_PROGRESS','2024-02-01 01:57:03','2024-02-13 00:08:55',0,1),
(78,21,21,'2024-03-30',71,80,'UNCONFIRMED','2024-02-01 01:57:03','2024-02-01 01:57:03',0,0),
(79,21,21,'2024-04-06',81,90,'UNCONFIRMED','2024-02-01 01:57:03','2024-02-01 01:57:03',0,0),
(80,21,21,'2024-04-13',91,100,'UNCONFIRMED','2024-02-01 01:57:03','2024-02-01 01:57:03',0,0),
(81,22,22,'2024-02-10',1,10,'UNCONFIRMED','2024-02-01 01:57:03','2024-02-01 01:57:03',0,0),
(82,22,22,'2024-02-17',11,20,'UNCONFIRMED','2024-02-01 01:57:03','2024-02-01 01:57:03',0,0),
(83,22,22,'2024-02-24',21,30,'UNCONFIRMED','2024-02-01 01:57:03','2024-02-01 01:57:03',0,0),
(84,22,22,'2024-03-02',31,40,'UNCONFIRMED','2024-02-01 01:57:03','2024-02-01 01:57:03',0,0),
(85,22,22,'2024-03-09',41,50,'UNCONFIRMED','2024-02-01 01:57:03','2024-02-01 01:57:03',0,0),
(86,22,22,'2024-03-16',51,60,'UNCONFIRMED','2024-02-01 01:57:03','2024-02-01 01:57:03',0,0),
(87,22,22,'2024-03-23',61,70,'UNCONFIRMED','2024-02-01 01:57:03','2024-02-01 01:57:03',0,0),
(88,22,22,'2024-03-30',71,80,'UNCONFIRMED','2024-02-01 01:57:03','2024-02-01 01:57:03',0,0),
(89,22,22,'2024-04-06',81,90,'UNCONFIRMED','2024-02-01 01:57:03','2024-02-01 01:57:03',0,0),
(90,22,22,'2024-04-13',91,100,'UNCONFIRMED','2024-02-01 01:57:03','2024-02-01 01:57:03',0,0),
(91,23,23,'2024-02-10',1,10,'IN_PROGRESS','2024-02-01 01:57:03','2024-02-14 04:55:23',0,1),
(92,23,23,'2024-02-17',11,20,'UNCONFIRMED','2024-02-01 01:57:03','2024-02-01 01:57:03',0,0),
(93,23,23,'2024-02-24',21,30,'UNCONFIRMED','2024-02-01 01:57:03','2024-02-01 01:57:03',0,0),
(94,23,23,'2024-03-02',31,40,'UNCONFIRMED','2024-02-01 01:57:03','2024-02-01 01:57:03',0,0),
(95,23,23,'2024-03-09',41,50,'UNCONFIRMED','2024-02-01 01:57:03','2024-02-01 01:57:03',0,0),
(96,23,23,'2024-03-16',51,60,'UNCONFIRMED','2024-02-01 01:57:03','2024-02-01 01:57:03',0,0),
(97,23,23,'2024-03-23',61,70,'UNCONFIRMED','2024-02-01 01:57:03','2024-02-01 01:57:03',0,0),
(98,23,23,'2024-03-30',71,80,'UNCONFIRMED','2024-02-01 01:57:03','2024-02-01 01:57:03',0,0),
(99,23,23,'2024-04-06',81,90,'UNCONFIRMED','2024-02-01 01:57:03','2024-02-01 01:57:03',0,0),
(100,23,23,'2024-04-13',91,100,'UNCONFIRMED','2024-02-01 01:57:03','2024-02-01 01:57:03',0,0),
(101,24,24,'2024-02-10',1,10,'IN_PROGRESS','2024-02-01 01:57:03','2024-02-05 06:53:56',0,0),
(102,24,24,'2024-02-17',11,20,'UNCONFIRMED','2024-02-01 01:57:03','2024-02-01 01:57:03',0,0),
(103,24,24,'2024-02-24',21,30,'UNCONFIRMED','2024-02-01 01:57:03','2024-02-01 01:57:03',0,0),
(104,24,24,'2024-03-02',31,40,'UNCONFIRMED','2024-02-01 01:57:03','2024-02-01 01:57:03',0,0),
(105,24,24,'2024-03-09',41,50,'UNCONFIRMED','2024-02-01 01:57:03','2024-02-01 01:57:03',0,0),
(106,24,24,'2024-03-16',51,60,'UNCONFIRMED','2024-02-01 01:57:03','2024-02-01 01:57:03',0,0),
(107,24,24,'2024-03-23',61,70,'UNCONFIRMED','2024-02-01 01:57:03','2024-02-01 01:57:03',0,0),
(108,24,24,'2024-03-30',71,80,'UNCONFIRMED','2024-02-01 01:57:03','2024-02-01 01:57:03',0,0),
(109,24,24,'2024-04-06',81,90,'UNCONFIRMED','2024-02-01 01:57:03','2024-02-01 01:57:03',0,0),
(110,24,24,'2024-04-13',91,100,'UNCONFIRMED','2024-02-01 01:57:03','2024-02-01 01:57:03',0,0),
(111,41,25,'2024-04-05',130,136,'UNCONFIRMED','2024-02-05 12:53:22','2024-02-05 12:53:23',0,0),
(112,46,25,'2024-02-07',1,10,'UNCONFIRMED','2024-02-07 09:25:12','2024-02-07 09:25:13',0,0),
(113,46,26,'2024-02-07',1,10,'IN_PROGRESS','2024-02-07 09:25:53','2024-02-14 02:00:42',0,1),
(114,46,27,'2024-02-07',1,10,'COMPLETED','2024-02-07 09:26:14','2024-02-13 06:14:18',0,8),
(116,73,49,'2024-02-08',100,200,'COMPLETED','2024-02-08 04:08:51','2024-02-13 07:49:30',0,1),
(117,69,45,'2024-02-15',23,55,'IN_PROGRESS','2024-02-08 04:09:11','2024-02-08 04:09:15',0,0),
(118,70,46,'2024-02-08',10,40,'IN_PROGRESS','2024-02-08 04:09:47','2024-02-08 04:13:59',0,0),
(119,72,48,'2024-02-15',1,100,'IN_PROGRESS','2024-02-08 04:10:44','2024-02-08 04:10:48',0,0),
(120,72,48,'2024-02-08',1,10,'IN_PROGRESS','2024-02-08 04:11:40','2024-02-08 04:11:45',0,0),
(121,59,35,'2024-02-09',1,100,'IN_PROGRESS','2024-02-08 04:12:15','2024-02-08 04:12:30',0,0),
(122,71,47,'2024-02-09',1,11,'IN_PROGRESS','2024-02-08 04:13:04','2024-02-08 04:13:16',0,0),
(123,82,37,'2024-02-08',1,2,'IN_PROGRESS','2024-02-08 04:14:10','2024-02-08 04:14:16',0,0),
(124,66,42,'2024-02-08',1,23,'IN_PROGRESS','2024-02-08 04:15:52','2024-02-08 04:16:25',0,0),
(125,79,55,'2024-02-16',1,200,'IN_PROGRESS','2024-02-08 04:16:08','2024-02-13 13:30:15',0,0),
(126,79,55,'2024-02-10',1,200,'IN_PROGRESS','2024-02-08 04:16:14','2024-02-13 13:37:22',0,0),
(127,66,42,'2024-02-08',1,192,'IN_PROGRESS','2024-02-08 04:16:34','2024-02-08 04:17:03',0,0),
(128,69,45,'2024-02-08',10,20,'IN_PROGRESS','2024-02-08 04:16:46','2024-02-08 04:16:57',0,0),
(129,18,19,'2024-02-21',10,20,'UNCONFIRMED','2024-02-12 04:43:22','2024-02-12 04:43:22',0,0),
(130,18,62,'2024-02-21',10,20,'IN_PROGRESS','2024-02-12 04:43:32','2024-02-12 04:43:50',0,0),
(131,18,62,'2024-02-15',30,45,'COMPLETED','2024-02-13 02:01:19','2024-02-13 14:36:59',0,0),
(132,18,62,'2024-02-14',3,10,'IN_PROGRESS','2024-02-13 03:32:03','2024-02-13 07:41:30',0,1),
(135,53,29,'2024-02-13',15,20,'COMPLETED','2024-02-13 14:43:15','2024-02-13 14:43:55',0,2),
(136,99,63,'2024-02-13',1,20,'COMPLETED','2024-02-13 08:40:21','2024-02-13 08:56:12',0,2),
(137,99,63,'2024-02-14',21,30,'IN_PROGRESS','2024-02-13 08:41:02','2024-02-14 01:09:36',0,1),
(138,53,69,'2024-02-16',10,30,'IN_PROGRESS','2024-02-14 16:41:23','2024-02-14 16:41:55',0,1),
(139,100,29,'2024-02-22',55,111,'UNCONFIRMED','2024-02-14 07:47:17','2024-02-14 07:47:17',0,0),
(140,100,29,'2024-02-22',55,111,'UNCONFIRMED','2024-02-14 07:47:23','2024-02-14 07:47:23',0,0),
(141,100,29,'2024-02-14',10,30,'IN_PROGRESS','2024-02-14 17:51:10','2024-02-15 02:13:08',0,1),
(142,101,29,'2024-02-14',10,30,'IN_PROGRESS','2024-02-14 17:51:54','2024-02-15 11:49:59',0,1),
(143,53,29,'2024-02-14',10,30,'COMPLETED','2024-02-14 17:52:08','2024-02-15 08:54:56',0,2),
(144,112,70,'2024-02-16',1,10,'IN_PROGRESS','2024-02-15 09:23:07','2024-02-15 00:23:21',0,1),
(152,121,27,'2024-02-15',1,1,'IN_PROGRESS','2024-02-15 10:49:46','2024-02-15 10:49:58',0,1),
(153,121,27,'2024-02-15',1,12,'IN_PROGRESS','2024-02-15 10:52:32','2024-02-15 10:52:36',0,1),
(162,121,25,'2024-02-15',1,12,'COMPLETED','2024-02-15 11:32:44','2024-02-15 11:40:54',0,2),
(163,124,29,'2024-02-23',4,10,'COMPLETED','2024-02-15 20:52:00','2024-02-15 11:53:33',0,2),
(164,125,29,'2024-02-15',1,12,'IN_PROGRESS','2024-02-15 11:52:33','2024-02-15 17:07:40',0,1);
/*!40000 ALTER TABLE `homework` ENABLE KEYS */;
UNLOCK TABLES;

--
-- Table structure for table `member`
--

DROP TABLE IF EXISTS `member`;
/*!40101 SET @saved_cs_client     = @@character_set_client */;
/*!40101 SET character_set_client = utf8 */;
CREATE TABLE `member` (
  `id` bigint(20) NOT NULL AUTO_INCREMENT,
  `role` varchar(20) DEFAULT NULL COMMENT 'GUEST, STUDENT, TEACHER',
  `status` varchar(50) DEFAULT NULL COMMENT 'ACTIVATED, DELETED',
  `oauth_id` varchar(255) DEFAULT NULL COMMENT 'OAuth 계정 ID',
  `profile_url` varchar(2048) DEFAULT NULL COMMENT '프로필 사진 URL',
  `name` varchar(30) DEFAULT NULL COMMENT '이름',
  `phone` varchar(20) DEFAULT NULL COMMENT '전화번호',
  `created_at` datetime DEFAULT current_timestamp(),
  `updated_at` datetime DEFAULT current_timestamp() ON UPDATE current_timestamp(),
  PRIMARY KEY (`id`)
) ENGINE=InnoDB AUTO_INCREMENT=149 DEFAULT CHARSET=utf8mb4 COLLATE=utf8mb4_general_ci;
/*!40101 SET character_set_client = @saved_cs_client */;

--
-- Dumping data for table `member`
--

LOCK TABLES `member` WRITE;
/*!40000 ALTER TABLE `member` DISABLE KEYS */;
INSERT INTO `member` (`id`, `role`, `status`, `oauth_id`, `profile_url`, `name`, `phone`, `created_at`, `updated_at`) VALUES (39,'TEACHER','ACTIVATED','3324109118','http://k.kakaocdn.net/dn/d3rqY0/btrXj1twSEc/IaZfrmCnfIGLKHHY8tozfK/img_640x640.jpg','허준혁',NULL,'2024-01-30 15:38:47','2024-02-05 10:19:08'),
(41,'TEACHER','ACTIVATED','1111111111','https://d1b632bso7m0wd.cloudfront.net/41','김성은','01012345678','2024-01-31 02:25:17','2024-02-14 09:08:13'),
(42,'TEACHER','ACTIVATED','2222222222','http://k.kakaocdn.net/dn/1G9kp/btsAot8liOn/8CWudi3uy07rvFNUkk3ER0/img_640x640.jpg','이상영',NULL,'2024-01-31 02:25:42','2024-02-15 10:14:49'),
(43,'STUDENT','ACTIVATED','3324111214','http://k.kakaocdn.net/dn/bExR2r/btrjGcG6I5t/RGULT8HXONkUELdEbAyCb0/img_640x640.jpg','하재률',NULL,'2024-01-31 03:58:19','2024-02-05 10:19:53'),
(44,'STUDENT','ACTIVATED','3324128968','https://d1b632bso7m0wd.cloudfront.net/44','김태윤','01049932841','2024-01-31 03:58:53','2024-02-14 04:43:59'),
(45,'STUDENT','ACTIVATED','3333333333','https://d1b632bso7m0wd.cloudfront.net/45','이태호','01012345678','2024-01-31 04:52:17','2024-02-15 10:14:49'),
(46,'TEACHER','ACTIVATED','1234567890','https://d1b632bso7m0wd.cloudfront.net/46','김선생','01012345678','2024-02-05 10:51:00','2024-02-14 09:13:40'),
(47,'STUDENT','ACTIVATED','2345678901','https://d1b632bso7m0wd.cloudfront.net/47','이학생','01024135111','2024-02-05 10:51:50','2024-02-13 13:23:03'),
(57,'TEACHER','ACTIVATED','S10A801N1','http://k.kakaocdn.net/dn/1G9kp/btsAot8liOn/8CWudi3uy07rvFNUkk3ER0/img_640x640.jpg','김승우','01025792826','2024-02-07 11:09:54','2024-02-07 11:14:31'),
(58,'TEACHER','ACTIVATED','S10A801N2','http://k.kakaocdn.net/dn/1G9kp/btsAot8liOn/8CWudi3uy07rvFNUkk3ER0/img_640x640.jpg','황진하','01098287090','2024-02-07 11:10:44','2024-02-07 11:14:31'),
(59,'TEACHER','ACTIVATED','S10A801N3','http://k.kakaocdn.net/dn/1G9kp/btsAot8liOn/8CWudi3uy07rvFNUkk3ER0/img_640x640.jpg','김미서','01021645644','2024-02-07 11:11:58','2024-02-07 11:14:31'),
(60,'STUDENT','ACTIVATED','S10A801N4','http://k.kakaocdn.net/dn/1G9kp/btsAot8liOn/8CWudi3uy07rvFNUkk3ER0/img_640x640.jpg','조서현','01037463336','2024-02-07 11:13:16','2024-02-07 11:18:51'),
(61,'STUDENT','ACTIVATED','S10A801N5','http://k.kakaocdn.net/dn/1G9kp/btsAot8liOn/8CWudi3uy07rvFNUkk3ER0/img_640x640.jpg','권원영','01038477211','2024-02-07 11:13:16','2024-02-07 11:18:51'),
(62,'STUDENT','ACTIVATED','S10A801N6','http://k.kakaocdn.net/dn/1G9kp/btsAot8liOn/8CWudi3uy07rvFNUkk3ER0/img_640x640.jpg','박주현','01080963058','2024-02-07 11:13:16','2024-02-07 11:18:51'),
(63,'TEACHER','ACTIVATED','S10A803N1','http://k.kakaocdn.net/dn/1G9kp/btsAot8liOn/8CWudi3uy07rvFNUkk3ER0/img_640x640.jpg','김진용','01019190178','2024-02-07 11:22:01','2024-02-07 11:22:01'),
(64,'TEACHER','ACTIVATED','S10A803N2','http://k.kakaocdn.net/dn/1G9kp/btsAot8liOn/8CWudi3uy07rvFNUkk3ER0/img_640x640.jpg','강민정','01035753030','2024-02-07 11:22:02','2024-02-08 09:04:27'),
(65,'TEACHER','ACTIVATED','S10A803N3','http://k.kakaocdn.net/dn/1G9kp/btsAot8liOn/8CWudi3uy07rvFNUkk3ER0/img_640x640.jpg','신우섭','01043109939','2024-02-07 11:22:03','2024-02-08 09:04:27'),
(66,'STUDENT','ACTIVATED','S10A803N4','http://k.kakaocdn.net/dn/1G9kp/btsAot8liOn/8CWudi3uy07rvFNUkk3ER0/img_640x640.jpg','김연화','01062016400','2024-02-07 11:22:04','2024-02-08 09:04:27'),
(67,'STUDENT','ACTIVATED','S10A803N5','http://k.kakaocdn.net/dn/1G9kp/btsAot8liOn/8CWudi3uy07rvFNUkk3ER0/img_640x640.jpg','최민호','01072126142','2024-02-07 11:22:05','2024-02-08 09:04:27'),
(68,'STUDENT','ACTIVATED','S10A803N6','http://k.kakaocdn.net/dn/1G9kp/btsAot8liOn/8CWudi3uy07rvFNUkk3ER0/img_640x640.jpg','임덕기','01081987073','2024-02-07 11:22:06','2024-02-08 09:04:27'),
(69,'TEACHER','ACTIVATED','S10A804N1','http://k.kakaocdn.net/dn/1G9kp/btsAot8liOn/8CWudi3uy07rvFNUkk3ER0/img_640x640.jpg','김민준','01019190178','2024-02-07 11:26:12','2024-02-07 11:26:12'),
(70,'TEACHER','ACTIVATED','S10A804N2','http://k.kakaocdn.net/dn/1G9kp/btsAot8liOn/8CWudi3uy07rvFNUkk3ER0/img_640x640.jpg','김은비','01035753030','2024-02-07 11:26:13','2024-02-08 09:06:46'),
(71,'TEACHER','ACTIVATED','S10A804N3','http://k.kakaocdn.net/dn/1G9kp/btsAot8liOn/8CWudi3uy07rvFNUkk3ER0/img_640x640.jpg','정여민','01043109939','2024-02-07 11:26:14','2024-02-08 09:06:46'),
(72,'STUDENT','ACTIVATED','S10A804N4','http://k.kakaocdn.net/dn/1G9kp/btsAot8liOn/8CWudi3uy07rvFNUkk3ER0/img_640x640.jpg','배유열','01062016400','2024-02-07 11:26:15','2024-02-08 09:06:46'),
(73,'STUDENT','ACTIVATED','S10A804N5','http://k.kakaocdn.net/dn/1G9kp/btsAot8liOn/8CWudi3uy07rvFNUkk3ER0/img_640x640.jpg','문성현','01072126142','2024-02-07 11:26:16','2024-02-08 09:06:46'),
(74,'STUDENT','ACTIVATED','S10A804N6','http://k.kakaocdn.net/dn/1G9kp/btsAot8liOn/8CWudi3uy07rvFNUkk3ER0/img_640x640.jpg','임소현','01081987073','2024-02-07 11:26:17','2024-02-08 09:06:46'),
(75,'TEACHER','ACTIVATED','S10A805N1','http://k.kakaocdn.net/dn/1G9kp/btsAot8liOn/8CWudi3uy07rvFNUkk3ER0/img_640x640.jpg','정필모','01019190178','2024-02-07 11:29:36','2024-02-07 11:29:36'),
(76,'TEACHER','ACTIVATED','S10A805N2','http://k.kakaocdn.net/dn/1G9kp/btsAot8liOn/8CWudi3uy07rvFNUkk3ER0/img_640x640.jpg','박세정','01035753030','2024-02-07 11:29:37','2024-02-08 09:06:46'),
(77,'TEACHER','ACTIVATED','S10A805N3','http://k.kakaocdn.net/dn/1G9kp/btsAot8liOn/8CWudi3uy07rvFNUkk3ER0/img_640x640.jpg','김성수','01043109939','2024-02-07 11:29:38','2024-02-08 09:06:46'),
(78,'STUDENT','ACTIVATED','S10A805N4','http://k.kakaocdn.net/dn/1G9kp/btsAot8liOn/8CWudi3uy07rvFNUkk3ER0/img_640x640.jpg','김현지','01062016400','2024-02-07 11:29:39','2024-02-08 09:06:46'),
(79,'STUDENT','ACTIVATED','S10A805N5','http://k.kakaocdn.net/dn/1G9kp/btsAot8liOn/8CWudi3uy07rvFNUkk3ER0/img_640x640.jpg','전은평','01072126142','2024-02-07 11:29:40','2024-02-08 09:06:46'),
(80,'STUDENT','ACTIVATED','S10A805N6','http://k.kakaocdn.net/dn/1G9kp/btsAot8liOn/8CWudi3uy07rvFNUkk3ER0/img_640x640.jpg','김병현','01081987073','2024-02-07 11:29:41','2024-02-08 09:06:46'),
(81,'TEACHER','ACTIVATED','S10A806N1','http://k.kakaocdn.net/dn/1G9kp/btsAot8liOn/8CWudi3uy07rvFNUkk3ER0/img_640x640.jpg','김지현','01019190178','2024-02-07 11:32:50','2024-02-08 09:06:46'),
(82,'TEACHER','ACTIVATED','S10A806N2','http://k.kakaocdn.net/dn/1G9kp/btsAot8liOn/8CWudi3uy07rvFNUkk3ER0/img_640x640.jpg','남수진','01035753030','2024-02-07 11:32:51','2024-02-08 09:06:46'),
(83,'TEACHER','ACTIVATED','S10A806N3','http://k.kakaocdn.net/dn/1G9kp/btsAot8liOn/8CWudi3uy07rvFNUkk3ER0/img_640x640.jpg','정승환','01043109939','2024-02-07 11:32:52','2024-02-08 09:06:46'),
(84,'STUDENT','ACTIVATED','S10A806N4','http://k.kakaocdn.net/dn/1G9kp/btsAot8liOn/8CWudi3uy07rvFNUkk3ER0/img_640x640.jpg','하동준','01062016400','2024-02-07 11:32:53','2024-02-08 09:06:46'),
(85,'STUDENT','ACTIVATED','S10A806N5','http://k.kakaocdn.net/dn/1G9kp/btsAot8liOn/8CWudi3uy07rvFNUkk3ER0/img_640x640.jpg','김예지','01072126142','2024-02-07 11:32:54','2024-02-08 09:06:46'),
(86,'STUDENT','ACTIVATED','S10A806N6','http://k.kakaocdn.net/dn/1G9kp/btsAot8liOn/8CWudi3uy07rvFNUkk3ER0/img_640x640.jpg','정유경','01081987073','2024-02-07 11:32:56','2024-02-07 11:32:56'),
(87,'TEACHER','ACTIVATED','S10A807N1','http://k.kakaocdn.net/dn/1G9kp/btsAot8liOn/8CWudi3uy07rvFNUkk3ER0/img_640x640.jpg','조승우','01019190178','2024-02-07 12:55:03','2024-02-07 12:55:03'),
(88,'TEACHER','ACTIVATED','S10A807N2','http://k.kakaocdn.net/dn/1G9kp/btsAot8liOn/8CWudi3uy07rvFNUkk3ER0/img_640x640.jpg','이상학','01035753030','2024-02-07 12:55:04','2024-02-08 09:06:46'),
(89,'TEACHER','ACTIVATED','S10A807N3','http://k.kakaocdn.net/dn/1G9kp/btsAot8liOn/8CWudi3uy07rvFNUkk3ER0/img_640x640.jpg','지인성','01043109939','2024-02-07 12:55:05','2024-02-08 09:06:46'),
(90,'STUDENT','ACTIVATED','S10A807N4','http://k.kakaocdn.net/dn/1G9kp/btsAot8liOn/8CWudi3uy07rvFNUkk3ER0/img_640x640.jpg','김현창','01062016400','2024-02-07 12:55:06','2024-02-08 09:06:46'),
(91,'STUDENT','ACTIVATED','S10A807N5','http://k.kakaocdn.net/dn/1G9kp/btsAot8liOn/8CWudi3uy07rvFNUkk3ER0/img_640x640.jpg','이민지','01072126142','2024-02-07 12:55:07','2024-02-08 09:06:46'),
(92,'STUDENT','ACTIVATED','S10A807N6','http://k.kakaocdn.net/dn/1G9kp/btsAot8liOn/8CWudi3uy07rvFNUkk3ER0/img_640x640.jpg','신시원','01081987073','2024-02-07 12:55:08','2024-02-08 09:06:46'),
(93,'TEACHER','ACTIVATED','S10A808N1','http://k.kakaocdn.net/dn/1G9kp/btsAot8liOn/8CWudi3uy07rvFNUkk3ER0/img_640x640.jpg','윤길재','01019190178','2024-02-07 12:59:06','2024-02-07 12:59:06'),
(94,'TEACHER','ACTIVATED','S10A808N2','http://k.kakaocdn.net/dn/1G9kp/btsAot8liOn/8CWudi3uy07rvFNUkk3ER0/img_640x640.jpg','명소이','01035753030','2024-02-07 12:59:07','2024-02-08 09:06:46'),
(95,'TEACHER','ACTIVATED','S10A808N3','http://k.kakaocdn.net/dn/1G9kp/btsAot8liOn/8CWudi3uy07rvFNUkk3ER0/img_640x640.jpg','배정훈','01043109939','2024-02-07 12:59:08','2024-02-08 09:06:46'),
(96,'STUDENT','ACTIVATED','S10A808N4','http://k.kakaocdn.net/dn/1G9kp/btsAot8liOn/8CWudi3uy07rvFNUkk3ER0/img_640x640.jpg','한태희','01062016400','2024-02-07 12:59:09','2024-02-08 09:06:46'),
(97,'STUDENT','ACTIVATED','S10A808N5','http://k.kakaocdn.net/dn/1G9kp/btsAot8liOn/8CWudi3uy07rvFNUkk3ER0/img_640x640.jpg','김대현','01072126142','2024-02-07 12:59:10','2024-02-08 09:06:46'),
(98,'STUDENT','ACTIVATED','S10A808N6','http://k.kakaocdn.net/dn/1G9kp/btsAot8liOn/8CWudi3uy07rvFNUkk3ER0/img_640x640.jpg','이인석','01081987073','2024-02-07 12:59:11','2024-02-08 09:06:46'),
(99,'TEACHER','ACTIVATED','S10A809N1','http://k.kakaocdn.net/dn/1G9kp/btsAot8liOn/8CWudi3uy07rvFNUkk3ER0/img_640x640.jpg','박현우','01019190178','2024-02-07 13:04:12','2024-02-08 09:06:46'),
(100,'TEACHER','ACTIVATED','S10A809N2','http://k.kakaocdn.net/dn/1G9kp/btsAot8liOn/8CWudi3uy07rvFNUkk3ER0/img_640x640.jpg','이효리','01035753030','2024-02-07 13:04:13','2024-02-08 09:06:46'),
(101,'TEACHER','ACTIVATED','S10A809N3','http://k.kakaocdn.net/dn/1G9kp/btsAot8liOn/8CWudi3uy07rvFNUkk3ER0/img_640x640.jpg','조은별','01043109939','2024-02-07 13:04:14','2024-02-08 09:06:46'),
(102,'STUDENT','ACTIVATED','S10A809N4','http://k.kakaocdn.net/dn/1G9kp/btsAot8liOn/8CWudi3uy07rvFNUkk3ER0/img_640x640.jpg','김종범','01062016400','2024-02-07 13:04:15','2024-02-08 09:06:46'),
(103,'STUDENT','ACTIVATED','S10A809N5','http://k.kakaocdn.net/dn/1G9kp/btsAot8liOn/8CWudi3uy07rvFNUkk3ER0/img_640x640.jpg','장승호','01072126142','2024-02-07 13:04:16','2024-02-08 09:06:46'),
(104,'STUDENT','ACTIVATED','S10A809N6','http://k.kakaocdn.net/dn/1G9kp/btsAot8liOn/8CWudi3uy07rvFNUkk3ER0/img_640x640.jpg','황인규','01081987073','2024-02-07 13:04:17','2024-02-08 09:06:46'),
(105,'TEACHER','ACTIVATED','S10A810N1','http://k.kakaocdn.net/dn/1G9kp/btsAot8liOn/8CWudi3uy07rvFNUkk3ER0/img_640x640.jpg','선수연','01019190178','2024-02-07 13:06:11','2024-02-08 09:06:46'),
(106,'TEACHER','ACTIVATED','S10A810N2','http://k.kakaocdn.net/dn/1G9kp/btsAot8liOn/8CWudi3uy07rvFNUkk3ER0/img_640x640.jpg','권순준','01035753030','2024-02-07 13:06:12','2024-02-08 09:06:46'),
(107,'TEACHER','ACTIVATED','S10A810N3','http://k.kakaocdn.net/dn/1G9kp/btsAot8liOn/8CWudi3uy07rvFNUkk3ER0/img_640x640.jpg','임세환','01043109939','2024-02-07 13:06:13','2024-02-08 09:06:46'),
(108,'STUDENT','ACTIVATED','S10A810N4','http://k.kakaocdn.net/dn/1G9kp/btsAot8liOn/8CWudi3uy07rvFNUkk3ER0/img_640x640.jpg','최현기','01062016400','2024-02-07 13:06:14','2024-02-08 09:06:46'),
(109,'STUDENT','ACTIVATED','S10A810N5','http://k.kakaocdn.net/dn/1G9kp/btsAot8liOn/8CWudi3uy07rvFNUkk3ER0/img_640x640.jpg','김대원','01072126142','2024-02-07 13:06:15','2024-02-08 09:06:46'),
(110,'STUDENT','ACTIVATED','S10A810N6','http://k.kakaocdn.net/dn/1G9kp/btsAot8liOn/8CWudi3uy07rvFNUkk3ER0/img_640x640.jpg','윤예빈','01081987073','2024-02-07 13:06:16','2024-02-08 09:06:46'),
(111,'STUDENT','ACTIVATED','3325459000','http://k.kakaocdn.net/dn/1G9kp/btsAot8liOn/8CWudi3uy07rvFNUkk3ER0/img_640x640.jpg','김','01011111111','2024-02-08 04:09:36','2024-02-08 04:10:13'),
(112,'TEACHER','ACTIVATED','3325460081','http://k.kakaocdn.net/dn/1G9kp/btsAot8liOn/8CWudi3uy07rvFNUkk3ER0/img_640x640.jpg','전은평','01023456789','2024-02-08 04:09:55','2024-02-08 04:11:23'),
(113,'TEACHER','ACTIVATED','3325458701','http://k.kakaocdn.net/dn/p57Az/btsC4Jflr1B/zyBasX0D2QSELKkDDLKSOk/img_640x640.jpg','정유경','01022223333','2024-02-08 04:10:23','2024-02-08 04:11:25'),
(114,'GUEST','ACTIVATED','3325457545','http://k.kakaocdn.net/dn/ch6y6E/btsteCcnFQy/sJ7jS5k6aJB7IiiY6gLEV1/img_640x640.jpg',NULL,NULL,'2024-02-08 04:10:50','2024-02-08 04:10:50'),
(115,'TEACHER','ACTIVATED','3334072512','https://d1b632bso7m0wd.cloudfront.net/115','김선생','01023023501','2024-02-08 04:11:20','2024-02-08 04:12:07'),
(116,'GUEST','ACTIVATED','3325458029','http://k.kakaocdn.net/dn/FNSv6/btsw67sBR5M/nHa4omD4nGQdIXV5fikZaK/img_640x640.jpg',NULL,NULL,'2024-02-08 04:13:01','2024-02-08 04:13:01'),
(117,'STUDENT','ACTIVATED','3325461950','http://k.kakaocdn.net/dn/cpiTen/btsyU6zmi2Z/Hq7Xv99XhnzfYevp8me2T0/img_640x640.jpg','김성수','01033333333','2024-02-08 04:14:24','2024-02-08 04:14:58'),
(118,'STUDENT','ACTIVATED','3334079207','http://k.kakaocdn.net/dn/bT02uH/btqZQajcota/ZRn7dpYbKjXhx7bGvGFA91/img_640x640.jpg','장승호','01072790870','2024-02-08 04:16:44','2024-02-08 04:17:05'),
(119,'GUEST','ACTIVATED','3325457962','http://k.kakaocdn.net/dn/cnGG0q/btr9sjvNQ1h/DVwCW80gogb8roPLDUBXK0/img_640x640.jpg',NULL,NULL,'2024-02-08 04:18:21','2024-02-08 04:18:21'),
(121,'TEACHER','ACTIVATED','3331227112','http://k.kakaocdn.net/dn/1G9kp/btsAot8liOn/8CWudi3uy07rvFNUkk3ER0/img_640x640.jpg','이선생','01041121234','2024-02-13 06:00:49','2024-02-14 05:58:36'),
(122,'TEACHER','ACTIVATED','3325389623','http://k.kakaocdn.net/dn/bVCzDK/btsD1mK6j5o/nvauYq0hGWCe91IezLPJhk/img_640x640.jpg','청라므째이','01025792826','2024-02-13 23:54:35','2024-02-13 23:56:27'),
(123,'TEACHER','ACTIVATED','3324112565','http://k.kakaocdn.net/dn/hhHfF/btsEaPFxrQb/E7e7q8aJbKAsUPsuvFFXI0/img_640x640.jpg','김성은','01031730710','2024-02-14 00:08:20','2024-02-15 00:04:55'),
(124,'GUEST','ACTIVATED','3342654108','http://k.kakaocdn.net/dn/1G9kp/btsAot8liOn/8CWudi3uy07rvFNUkk3ER0/img_640x640.jpg',NULL,NULL,'2024-02-14 08:15:06','2024-02-14 08:15:06');
/*!40000 ALTER TABLE `member` ENABLE KEYS */;
UNLOCK TABLES;

--
-- Table structure for table `student`
--

DROP TABLE IF EXISTS `student`;
/*!40101 SET @saved_cs_client     = @@character_set_client */;
/*!40101 SET character_set_client = utf8 */;
CREATE TABLE `student` (
  `id` bigint(20) NOT NULL AUTO_INCREMENT,
  `member_id` bigint(20) NOT NULL,
  `grade` varchar(30) DEFAULT NULL COMMENT '학생 학년',
  `school` varchar(50) DEFAULT NULL COMMENT '학생 학교',
  PRIMARY KEY (`id`),
  KEY `FK_member_id_in_student` (`member_id`),
  CONSTRAINT `FK_member_id_in_student` FOREIGN KEY (`member_id`) REFERENCES `member` (`id`)
) ENGINE=InnoDB AUTO_INCREMENT=79 DEFAULT CHARSET=utf8mb4 COLLATE=utf8mb4_general_ci;
/*!40101 SET character_set_client = @saved_cs_client */;

--
-- Dumping data for table `student`
--

LOCK TABLES `student` WRITE;
/*!40000 ALTER TABLE `student` DISABLE KEYS */;
INSERT INTO `student` (`id`, `member_id`, `grade`, `school`) VALUES (33,43,'고등학교 2학년','상산고등학교'),
(34,44,'고등학교 1학년','하나고등학교'),
(35,45,'고등학교 2학년','하늘고등학교'),
(36,47,'고등학교 1학년','싸피고등학교'),
(38,60,'고등학교 1학년','싸피고등학교'),
(39,61,'고등학교 2학년','싸피고등학교'),
(40,62,'고등학교 3학년','싸피고등학교'),
(41,66,'고등학교 1학년','싸피고등학교'),
(42,67,'고등학교 2학년','싸피고등학교'),
(43,68,'고등학교 3학년','싸피고등학교'),
(44,72,'고등학교 1학년','싸피고등학교'),
(45,73,'고등학교 2학년','싸피고등학교'),
(46,74,'고등학교 3학년','싸피고등학교'),
(47,84,'고등학교 1학년','싸피고등학교'),
(48,85,'고등학교 2학년','싸피고등학교'),
(49,86,'고등학교 3학년','싸피고등학교'),
(50,90,'고등학교 1학년','싸피고등학교'),
(51,91,'고등학교 2학년','싸피고등학교'),
(52,92,'고등학교 3학년','싸피고등학교'),
(53,96,'고등학교 1학년','싸피고등학교'),
(54,97,'고등학교 2학년','싸피고등학교'),
(55,98,'고등학교 3학년','싸피고등학교'),
(56,102,'고등학교 1학년','싸피고등학교'),
(57,103,'고등학교 2학년','싸피고등학교'),
(58,104,'고등학교 3학년','싸피고등학교'),
(59,108,'고등학교 1학년','싸피고등학교'),
(60,109,'고등학교 2학년','싸피고등학교'),
(61,110,'고등학교 3학년','싸피고등학교'),
(62,111,'초등학교 1학년','김'),
(63,117,'고등학교 3학년','고등학교'),
(64,118,'고등학교 3학년','이매고');
/*!40000 ALTER TABLE `student` ENABLE KEYS */;
UNLOCK TABLES;

--
-- Table structure for table `subject`
--

DROP TABLE IF EXISTS `subject`;
/*!40101 SET @saved_cs_client     = @@character_set_client */;
/*!40101 SET character_set_client = utf8 */;
CREATE TABLE `subject` (
  `id` bigint(20) NOT NULL AUTO_INCREMENT,
  `name` varchar(20) DEFAULT NULL COMMENT '과목명',
  PRIMARY KEY (`id`)
) ENGINE=InnoDB AUTO_INCREMENT=21 DEFAULT CHARSET=utf8mb4 COLLATE=utf8mb4_general_ci;
/*!40101 SET character_set_client = @saved_cs_client */;

--
-- Dumping data for table `subject`
--

LOCK TABLES `subject` WRITE;
/*!40000 ALTER TABLE `subject` DISABLE KEYS */;
INSERT INTO `subject` (`id`, `name`) VALUES (1,'중등국어'),
(2,'중등영어'),
(3,'중등수학'),
(4,'중등사회'),
(5,'중등과학'),
(6,'고등국어'),
(7,'고등수학'),
(8,'고등영어'),
(9,'한국사'),
(10,'생활과 윤리'),
(11,'한국지리/세계지리'),
(12,'동아시아사/세계사'),
(13,'사회문화'),
(14,'정치와 법'),
(15,'경제'),
(16,'통합사회'),
(17,'물리학'),
(18,'화학'),
(19,'생명과학'),
(20,'지구과학');
/*!40000 ALTER TABLE `subject` ENABLE KEYS */;
UNLOCK TABLES;

--
-- Table structure for table `teacher`
--

DROP TABLE IF EXISTS `teacher`;
/*!40101 SET @saved_cs_client     = @@character_set_client */;
/*!40101 SET character_set_client = utf8 */;
CREATE TABLE `teacher` (
  `id` bigint(20) NOT NULL AUTO_INCREMENT,
  `member_id` bigint(20) NOT NULL,
  `profile_status` tinyint(1) DEFAULT 0 COMMENT '공개 1, 비공개 0',
  `college` varchar(50) DEFAULT NULL COMMENT '대학교명',
  `major` varchar(50) DEFAULT NULL COMMENT '대학 전공명',
  `college_email` varchar(100) DEFAULT NULL COMMENT '대학 인증 이메일',
  `gender` varchar(10) DEFAULT NULL COMMENT 'MALE, FEMALE, NONE',
  `salary` int(11) DEFAULT NULL COMMENT '단위 : 원',
  `career` int(11) DEFAULT NULL COMMENT '단위 : 년',
  `introduce` varchar(1500) DEFAULT NULL COMMENT '자기 소개',
  `created_at` datetime DEFAULT current_timestamp(),
  `updated_at` datetime DEFAULT current_timestamp() ON UPDATE current_timestamp(),
  PRIMARY KEY (`id`),
  KEY `FK_member_id_in_teacher` (`member_id`),
  CONSTRAINT `FK_member_id_in_teacher` FOREIGN KEY (`member_id`) REFERENCES `member` (`id`)
) ENGINE=InnoDB AUTO_INCREMENT=82 DEFAULT CHARSET=utf8mb4 COLLATE=utf8mb4_general_ci;
/*!40101 SET character_set_client = @saved_cs_client */;

--
-- Dumping data for table `teacher`
--

LOCK TABLES `teacher` WRITE;
/*!40000 ALTER TABLE `teacher` DISABLE KEYS */;
INSERT INTO `teacher` (`id`, `member_id`, `profile_status`, `college`, `major`, `college_email`, `gender`, `salary`, `career`, `introduce`, `created_at`, `updated_at`) VALUES (12,39,1,'서울대학교','국어국문학과','email1@example.com','MALE',30000,5,'국영수 강사입니다.','2024-02-01 00:23:02','2024-02-07 03:40:02'),
(13,41,1,'연세대학교','사회학과','email2@example.com','FEMALE',40000,7,'사회탐구 강사입니다.','2024-02-01 00:23:03','2024-02-07 03:40:02'),
(14,42,1,'고려대학교','컴퓨터공학과','email3@example.com','MALE',50000,9,'과학탐구 강사입니다.','2024-02-01 00:23:04','2024-02-07 03:40:02'),
(15,46,1,'서울대학교',NULL,'example@ssafy.com','MALE',100,10,'안녕하세요. 김선생입니다.','2024-02-13 04:06:43','2024-02-13 23:39:27'),
(32,57,1,'서울대학교','컴퓨터공학과','email1@example.com','MALE',30000,5,'강사 김승우입니다!','2024-02-07 11:16:11','2024-02-07 13:52:49'),
(33,58,1,'고려대학교','컴퓨터공학과','email2@example.com','MALE',40000,7,'강사 황진하입니다!','2024-02-07 11:16:11','2024-02-07 18:01:34'),
(34,59,1,'연세대학교','컴퓨터공학과','email3@example.com','FEMALE',50000,9,'강사 김미서입니다!','2024-02-07 11:16:11','2024-02-07 18:01:34'),
(35,63,1,'한국과학기술원','컴퓨터공학과','email1@example.com','MALE',30000,5,'강사 김진용입니다!','2024-02-07 11:23:44','2024-02-07 18:01:34'),
(36,64,1,'포항공과대학교','컴퓨터공학과','email2@example.com','FEMALE',40000,7,'강사 강민정입니다!','2024-02-07 11:23:44','2024-02-07 18:01:34'),
(37,65,1,'서울대학교','컴퓨터공학과','email3@example.com','MALE',50000,9,'강사 신우섭입니다!','2024-02-07 11:23:44','2024-02-07 18:02:33'),
(38,69,1,'서울대학교','컴퓨터공학과','email1@example.com','MALE',30000,5,'강사 김민준입니다!','2024-02-07 11:27:23','2024-02-07 18:01:34'),
(39,70,1,'고려대학교','컴퓨터공학과','email2@example.com','FEMALE',40000,7,'강사 김은비입니다!','2024-02-07 11:27:23','2024-02-07 18:01:34'),
(40,71,1,'연세대학교','컴퓨터공학과','email3@example.com','FEMALE',50000,9,'강사 정여민입니다!','2024-02-07 11:27:23','2024-02-07 18:01:34'),
(41,75,1,'한국과학기술원','컴퓨터공학과','email1@example.com','MALE',30000,5,'강사 정필모입니다!','2024-02-07 11:30:26','2024-02-07 18:01:34'),
(42,76,1,'포항공과대학교','컴퓨터공학과','email2@example.com','FEMALE',40000,7,'강사 박세정입니다!','2024-02-07 11:30:26','2024-02-07 18:01:34'),
(43,77,1,'서울대학교','컴퓨터공학과','email3@example.com','MALE',50000,9,'강사 김성수입니다!','2024-02-07 11:30:26','2024-02-07 18:02:33'),
(44,81,1,'서울대학교','컴퓨터공학과','email1@example.com','FEMALE',30000,5,'강사 김지현입니다!','2024-02-07 11:34:46','2024-02-07 18:01:34'),
(45,82,1,'고려대학교','컴퓨터공학과','email2@example.com','FEMALE',40000,7,'강사 남수진입니다!','2024-02-07 11:34:46','2024-02-07 18:01:34'),
(46,83,1,'연세대학교','컴퓨터공학과','email3@example.com','MALE',50000,9,'강사 정승환입니다!','2024-02-07 11:34:46','2024-02-07 18:01:34'),
(47,87,1,'한국과학기술원','컴퓨터공학과','email1@example.com','MALE',30000,5,'강사 조승우입니다!','2024-02-07 12:55:51','2024-02-07 18:01:34'),
(48,88,1,'포항공과대학교','컴퓨터공학과','email2@example.com','MALE',40000,7,'강사 이상학입니다!','2024-02-07 12:55:51','2024-02-07 18:01:34'),
(49,89,1,'서울대학교','컴퓨터공학과','email3@example.com','MALE',50000,9,'강사 지인성입니다!','2024-02-07 12:55:51','2024-02-07 18:02:33'),
(50,93,1,'서울대학교','컴퓨터공학과','email1@example.com','MALE',30000,5,'강사 윤길재입니다!','2024-02-07 13:02:48','2024-02-07 18:01:34'),
(51,94,1,'고려대학교','컴퓨터공학과','email2@example.com','FEMALE',40000,7,'강사 명소이입니다!','2024-02-07 13:02:48','2024-02-07 18:01:34'),
(52,95,1,'연세대학교','컴퓨터공학과','email3@example.com','MALE',50000,9,'강사 배정훈입니다!','2024-02-07 13:02:48','2024-02-07 18:01:34'),
(53,99,1,'한국과학기술원','컴퓨터공학과','email1@example.com','MALE',30000,5,'강사 박현우입니다!','2024-02-07 13:05:09','2024-02-07 18:01:34'),
(54,100,1,'포항공과대학교','컴퓨터공학과','email2@example.com','FEMALE',40000,7,'강사 이효리입니다!','2024-02-07 13:05:09','2024-02-07 18:01:34'),
(55,101,1,'서울대학교','컴퓨터공학과','email3@example.com','FEMALE',50000,9,'강사 조은별입니다!','2024-02-07 13:05:09','2024-02-07 18:02:33'),
(56,105,1,'서울대학교','컴퓨터공학과','email1@example.com','FEMALE',30000,5,'강사 선수연입니다!','2024-02-07 13:07:25','2024-02-07 18:01:34'),
(57,106,1,'고려대학교','컴퓨터공학과','email2@example.com','MALE',40000,7,'강사 권순준입니다!','2024-02-07 13:07:25','2024-02-07 18:01:34'),
(58,107,1,'연세대학교','컴퓨터공학과','email3@example.com','MALE',50000,9,'강사 임세환입니다!','2024-02-07 13:07:25','2024-02-07 18:01:34'),
(59,112,0,NULL,NULL,NULL,'NONE',NULL,NULL,NULL,'2024-02-08 04:11:23','2024-02-08 04:11:23'),
(60,113,1,'서울대학교',NULL,'kkk@snu.ac.kr','FEMALE',100000,3,'ㅎㅎ','2024-02-08 04:11:25','2024-02-08 04:11:25'),
(61,115,0,NULL,NULL,NULL,'NONE',NULL,NULL,NULL,'2024-02-08 04:12:07','2024-02-08 04:12:07'),
(63,122,1,'서울대학교',NULL,'mutcheongna@snu.ac.kr','MALE',200000,7,'패션도 가르쳐드립니다.','2024-02-13 23:56:27','2024-02-13 23:56:27'),
(68,121,1,'서울대학교',NULL,'lee@naver.com','MALE',1000,1,'이선생님','2024-02-14 05:58:36','2024-02-14 05:58:36'),
(69,123,1,'고려대학교',NULL,'kse8538@naver.com','FEMALE',30000,10,'저 베스트 멤버에요. 아시죠?','2024-02-15 00:04:55','2024-02-15 13:25:59');
/*!40000 ALTER TABLE `teacher` ENABLE KEYS */;
UNLOCK TABLES;

--
-- Table structure for table `teacher_subject`
--

DROP TABLE IF EXISTS `teacher_subject`;
/*!40101 SET @saved_cs_client     = @@character_set_client */;
/*!40101 SET character_set_client = utf8 */;
CREATE TABLE `teacher_subject` (
  `id` bigint(20) NOT NULL AUTO_INCREMENT,
  `subject_id` bigint(20) NOT NULL,
  `teacher_id` bigint(20) NOT NULL,
  PRIMARY KEY (`id`),
  KEY `FK_subject_id_in_teacher_subject` (`subject_id`),
  KEY `FK_teacher_id_in_teacher_subject` (`teacher_id`),
  CONSTRAINT `FK_subject_id_in_teacher_subject` FOREIGN KEY (`subject_id`) REFERENCES `subject` (`id`),
  CONSTRAINT `FK_teacher_id_in_teacher_subject` FOREIGN KEY (`teacher_id`) REFERENCES `teacher` (`id`)
) ENGINE=InnoDB AUTO_INCREMENT=685 DEFAULT CHARSET=utf8mb4 COLLATE=utf8mb4_general_ci;
/*!40101 SET character_set_client = @saved_cs_client */;

--
-- Dumping data for table `teacher_subject`
--

LOCK TABLES `teacher_subject` WRITE;
/*!40000 ALTER TABLE `teacher_subject` DISABLE KEYS */;
INSERT INTO `teacher_subject` (`id`, `subject_id`, `teacher_id`) VALUES (31,6,12),
(32,7,12),
(33,8,12),
(34,10,13),
(35,11,13),
(36,12,13),
(37,13,13),
(38,17,14),
(39,18,14),
(40,19,14),
(41,20,14),
(49,6,32),
(50,7,32),
(51,8,32),
(52,10,33),
(53,11,33),
(54,12,33),
(55,13,33),
(56,17,34),
(57,18,34),
(58,19,34),
(59,20,34),
(60,6,35),
(61,7,35),
(62,8,35),
(63,10,36),
(64,11,36),
(65,12,36),
(66,13,36),
(67,17,37),
(68,18,37),
(69,19,37),
(70,20,37),
(71,6,38),
(72,7,38),
(73,8,38),
(74,10,39),
(75,11,39),
(76,12,39),
(77,13,39),
(78,17,40),
(79,18,40),
(80,19,40),
(81,20,40),
(84,6,41),
(85,7,41),
(86,8,41),
(87,10,42),
(88,11,42),
(89,12,42),
(90,13,42),
(91,17,43),
(92,18,43),
(93,19,43),
(94,20,43),
(95,6,44),
(96,7,44),
(97,8,44),
(98,10,45),
(99,11,45),
(100,12,45),
(101,13,45),
(102,17,46),
(103,18,46),
(104,19,46),
(105,20,46),
(106,6,47),
(107,7,47),
(108,8,47),
(109,10,48),
(110,11,48),
(111,12,48),
(112,13,48),
(113,17,49),
(114,18,49),
(115,19,49),
(116,20,49),
(117,6,50),
(118,7,50),
(119,8,50),
(120,10,51),
(121,11,51),
(122,12,51),
(123,13,51),
(124,17,52),
(125,18,52),
(126,19,52),
(127,20,52),
(128,6,53),
(129,7,53),
(130,8,53),
(131,10,54),
(132,11,54),
(133,12,54),
(134,13,54),
(135,17,55),
(136,18,55),
(137,19,55),
(138,20,55),
(139,6,56),
(140,7,56),
(141,8,56),
(142,10,57),
(143,11,57),
(144,12,57),
(145,13,57),
(146,17,58),
(147,18,58),
(148,19,58),
(149,20,58),
(150,15,59),
(151,2,60),
(152,3,61),
(642,18,63),
(650,2,68),
(651,10,68),
(652,11,68),
(653,1,15),
(654,3,15),
(655,2,69),
(656,5,69),
(657,8,69);
/*!40000 ALTER TABLE `teacher_subject` ENABLE KEYS */;
UNLOCK TABLES;

--
-- Table structure for table `textbook`
--

DROP TABLE IF EXISTS `textbook`;
/*!40101 SET @saved_cs_client     = @@character_set_client */;
/*!40101 SET character_set_client = utf8 */;
CREATE TABLE `textbook` (
  `id` bigint(20) NOT NULL AUTO_INCREMENT,
  `teacher_member_id` bigint(20) NOT NULL,
  `subject_id` bigint(20) NOT NULL,
  `textbook_name` varchar(20) DEFAULT NULL,
  `textbook_url` varchar(2048) DEFAULT NULL,
  `first_page_cover` tinyint(1) DEFAULT NULL,
  `total_page` int(11) DEFAULT NULL,
  `cover_img` varchar(2048) DEFAULT NULL,
  `is_deleted` tinyint(1) DEFAULT 0,
  `created_at` datetime DEFAULT current_timestamp(),
  `updated_at` datetime DEFAULT current_timestamp() ON UPDATE current_timestamp(),
  PRIMARY KEY (`id`),
  KEY `FK_teacher_member_id_in_textbook` (`teacher_member_id`),
  CONSTRAINT `FK_teacher_member_id_in_textbook` FOREIGN KEY (`teacher_member_id`) REFERENCES `member` (`id`)
) ENGINE=InnoDB AUTO_INCREMENT=128 DEFAULT CHARSET=utf8mb4 COLLATE=utf8mb4_general_ci;
/*!40101 SET character_set_client = @saved_cs_client */;

--
-- Dumping data for table `textbook`
--

LOCK TABLES `textbook` WRITE;
/*!40000 ALTER TABLE `textbook` DISABLE KEYS */;
INSERT INTO `textbook` (`id`, `teacher_member_id`, `subject_id`, `textbook_name`, `textbook_url`, `first_page_cover`, `total_page`, `cover_img`, `is_deleted`, `created_at`, `updated_at`) VALUES (8,39,6,'고등국어 교재 1','https://d1b632bso7m0wd.cloudfront.net/2024+%EC%88%98%EB%8A%A5%ED%8A%B9%EA%B0%95+%ED%99%94%EB%B2%95%EA%B3%BC%EC%9E%91%EB%AC%B8.pdf',1,240,'https://d1b632bso7m0wd.cloudfront.net/testtest_cover.png',0,'2024-02-01 00:51:43','2024-02-14 17:18:44'),
(9,39,6,'고등국어 교재 2','https://d1b632bso7m0wd.cloudfront.net/2024+%EC%88%98%EB%8A%A5%ED%8A%B9%EA%B0%95+%ED%99%94%EB%B2%95%EA%B3%BC%EC%9E%91%EB%AC%B8.pdf',1,240,'https://d1b632bso7m0wd.cloudfront.net/hjrimage.jpg',0,'2024-02-01 00:51:43','2024-02-14 17:18:44'),
(10,39,6,'고등국어 교재 3','https://d1b632bso7m0wd.cloudfront.net/2024+%EC%88%98%EB%8A%A5%ED%8A%B9%EA%B0%95+%ED%99%94%EB%B2%95%EA%B3%BC%EC%9E%91%EB%AC%B8.pdf',1,240,'https://d1b632bso7m0wd.cloudfront.net/%EC%88%98%EB%8A%A5%ED%8A%B9%EA%B0%95_%EC%88%98%ED%95%991_cover.png',0,'2024-02-01 00:51:43','2024-02-14 17:22:12'),
(11,39,7,'고등수학 교재 1','https://d1b632bso7m0wd.cloudfront.net/EBS_2024%ED%95%99%EB%85%84%EB%8F%84_%EC%88%98%EB%8A%A5%ED%8A%B9%EA%B0%95_%EC%88%98%ED%95%99%EC%98%81%EC%97%AD_%EC%88%98%ED%95%99%E2%85%A0.pdf',1,104,'https://d1b632bso7m0wd.cloudfront.net/test_cover_img1.jpg',0,'2024-02-01 00:51:43','2024-02-14 17:22:12'),
(12,39,7,'고등수학 교재 2','https://d1b632bso7m0wd.cloudfront.net/EBS_2024%ED%95%99%EB%85%84%EB%8F%84_%EC%88%98%EB%8A%A5%ED%8A%B9%EA%B0%95_%EC%88%98%ED%95%99%EC%98%81%EC%97%AD_%EC%88%98%ED%95%99%E2%85%A0.pdf',1,104,'https://d1b632bso7m0wd.cloudfront.net/test_cover_img2.jpg',0,'2024-02-01 00:51:43','2024-02-14 17:22:12'),
(13,39,7,'고등수학 교재 3','https://d1b632bso7m0wd.cloudfront.net/EBS_2024%ED%95%99%EB%85%84%EB%8F%84_%EC%88%98%EB%8A%A5%ED%8A%B9%EA%B0%95_%EC%88%98%ED%95%99%EC%98%81%EC%97%AD_%EC%88%98%ED%95%99%E2%85%A0.pdf',1,104,'https://d1b632bso7m0wd.cloudfront.net/test_cover_img3.jpg',0,'2024-02-01 00:51:43','2024-02-14 17:22:12'),
(14,39,8,'고등영어 교재 1','https://d1b632bso7m0wd.cloudfront.net/EBS_2024%ED%95%99%EB%85%84%EB%8F%84_%EC%88%98%EB%8A%A5%ED%8A%B9%EA%B0%95_%EC%88%98%ED%95%99%EC%98%81%EC%97%AD_%EC%88%98%ED%95%99%E2%85%A0.pdf',1,104,'https://d1b632bso7m0wd.cloudfront.net/test_cover_img4.jpg',0,'2024-02-01 00:51:43','2024-02-14 17:22:12'),
(15,39,8,'고등영어 교재 2','https://d1b632bso7m0wd.cloudfront.net/EBS_2024%ED%95%99%EB%85%84%EB%8F%84_%EC%88%98%EB%8A%A5%ED%8A%B9%EA%B0%95_%EC%88%98%ED%95%99%EC%98%81%EC%97%AD_%EC%88%98%ED%95%99%E2%85%A0.pdf',1,104,'https://d1b632bso7m0wd.cloudfront.net/test_cover_img5.jpg',0,'2024-02-01 00:51:43','2024-02-14 17:22:12'),
(16,39,8,'고등영어 교재 3','https://d1b632bso7m0wd.cloudfront.net/EBS_2024%ED%95%99%EB%85%84%EB%8F%84_%EC%88%98%EB%8A%A5%ED%8A%B9%EA%B0%95_%EC%88%98%ED%95%99%EC%98%81%EC%97%AD_%EC%88%98%ED%95%99%E2%85%A0.pdf',1,104,'https://d1b632bso7m0wd.cloudfront.net/test_cover_img6.jpg',0,'2024-02-01 00:51:43','2024-02-14 17:22:12'),
(17,41,10,'생활과 윤리 교재 1','https://d1b632bso7m0wd.cloudfront.net/2024+%EC%88%98%EB%8A%A5%ED%8A%B9%EA%B0%95+%ED%99%94%EB%B2%95%EA%B3%BC%EC%9E%91%EB%AC%B8.pdf',1,240,'https://d1b632bso7m0wd.cloudfront.net/test_cover_img7.jpg',0,'2024-02-01 00:51:43','2024-02-14 17:27:09'),
(18,41,10,'생활과 윤리 교재 2','https://d1b632bso7m0wd.cloudfront.net/2024+%EC%88%98%EB%8A%A5%ED%8A%B9%EA%B0%95+%ED%99%94%EB%B2%95%EA%B3%BC%EC%9E%91%EB%AC%B8.pdf',1,240,'https://d1b632bso7m0wd.cloudfront.net/test_cover_img8.jpg',0,'2024-02-01 00:51:43','2024-02-14 17:27:09'),
(19,41,10,'생활과 윤리 교재 3','https://d1b632bso7m0wd.cloudfront.net/2024+%EC%88%98%EB%8A%A5%ED%8A%B9%EA%B0%95+%ED%99%94%EB%B2%95%EA%B3%BC%EC%9E%91%EB%AC%B8.pdf',1,240,'https://d1b632bso7m0wd.cloudfront.net/test_cover_img9.jpg',0,'2024-02-01 00:51:43','2024-02-14 17:27:09'),
(20,41,11,'한국지리_세계지리 교재 1','https://d1b632bso7m0wd.cloudfront.net/2024+%EC%88%98%EB%8A%A5%ED%8A%B9%EA%B0%95+%ED%99%94%EB%B2%95%EA%B3%BC%EC%9E%91%EB%AC%B8.pdf',1,240,'https://d1b632bso7m0wd.cloudfront.net/test_cover_img10.jpg',0,'2024-02-01 00:51:43','2024-02-14 17:27:09'),
(21,41,11,'한국지리_세계지리 교재 2','https://d1b632bso7m0wd.cloudfront.net/2024+%EC%88%98%EB%8A%A5%ED%8A%B9%EA%B0%95+%ED%99%94%EB%B2%95%EA%B3%BC%EC%9E%91%EB%AC%B8.pdf',1,240,'https://d1b632bso7m0wd.cloudfront.net/test_cover_img11.jpg',0,'2024-02-01 00:51:43','2024-02-14 17:27:09'),
(22,41,11,'한국지리_세계지리 교재 3','https://d1b632bso7m0wd.cloudfront.net/2024+%EC%88%98%EB%8A%A5%ED%8A%B9%EA%B0%95+%ED%99%94%EB%B2%95%EA%B3%BC%EC%9E%91%EB%AC%B8.pdf',1,240,'https://d1b632bso7m0wd.cloudfront.net/test_cover_img12.jpg',0,'2024-02-01 00:51:43','2024-02-14 17:27:09'),
(23,41,12,'동아시아사_세계사 교재 1','https://d1b632bso7m0wd.cloudfront.net/2024+%EC%88%98%EB%8A%A5%ED%8A%B9%EA%B0%95+%ED%99%94%EB%B2%95%EA%B3%BC%EC%9E%91%EB%AC%B8.pdf',1,240,'https://d1b632bso7m0wd.cloudfront.net/test_cover_img13.jpg',0,'2024-02-01 00:51:43','2024-02-14 17:27:09'),
(24,41,12,'동아시아사_세계사 교재 2','https://d1b632bso7m0wd.cloudfront.net/2024+%EC%88%98%EB%8A%A5%ED%8A%B9%EA%B0%95+%ED%99%94%EB%B2%95%EA%B3%BC%EC%9E%91%EB%AC%B8.pdf',1,240,'https://d1b632bso7m0wd.cloudfront.net/test_cover_img14.jpg',0,'2024-02-01 00:51:43','2024-02-14 17:27:09'),
(25,41,12,'동아시아사_세계사 교재 3','https://d1b632bso7m0wd.cloudfront.net/2024+%EC%88%98%EB%8A%A5%ED%8A%B9%EA%B0%95+%ED%99%94%EB%B2%95%EA%B3%BC%EC%9E%91%EB%AC%B8.pdf',1,240,'https://d1b632bso7m0wd.cloudfront.net/test_cover_img15.jpg',0,'2024-02-01 00:51:43','2024-02-14 17:27:09'),
(26,41,13,'사회문화 교재 1','https://d1b632bso7m0wd.cloudfront.net/2024+%EC%88%98%EB%8A%A5%ED%8A%B9%EA%B0%95+%ED%99%94%EB%B2%95%EA%B3%BC%EC%9E%91%EB%AC%B8.pdf',1,240,'https://d1b632bso7m0wd.cloudfront.net/test_cover_img16.jpg',0,'2024-02-01 00:51:43','2024-02-14 17:27:09'),
(27,41,13,'사회문화 교재 2','https://d1b632bso7m0wd.cloudfront.net/2024+%EC%88%98%EB%8A%A5%ED%8A%B9%EA%B0%95+%ED%99%94%EB%B2%95%EA%B3%BC%EC%9E%91%EB%AC%B8.pdf',1,240,'https://d1b632bso7m0wd.cloudfront.net/test_cover_img17.jpg',0,'2024-02-01 00:51:43','2024-02-14 17:27:09'),
(28,41,13,'사회문화 교재 3','https://d1b632bso7m0wd.cloudfront.net/2024+%EC%88%98%EB%8A%A5%ED%8A%B9%EA%B0%95+%ED%99%94%EB%B2%95%EA%B3%BC%EC%9E%91%EB%AC%B8.pdf',1,240,'https://d1b632bso7m0wd.cloudfront.net/test_cover_img18.jpg',0,'2024-02-01 00:51:43','2024-02-14 17:27:09'),
(29,42,17,'물리학 교재 1','https://d1b632bso7m0wd.cloudfront.net/EBS_2024%ED%95%99%EB%85%84%EB%8F%84_%EC%88%98%EB%8A%A5%ED%8A%B9%EA%B0%95_%EC%88%98%ED%95%99%EC%98%81%EC%97%AD_%EC%88%98%ED%95%99%E2%85%A0.pdf',1,104,'https://d1b632bso7m0wd.cloudfront.net/test_cover_img19.jpg',0,'2024-02-01 00:51:43','2024-02-14 17:27:09'),
(30,42,17,'물리학 교재 2','https://d1b632bso7m0wd.cloudfront.net/EBS_2024%ED%95%99%EB%85%84%EB%8F%84_%EC%88%98%EB%8A%A5%ED%8A%B9%EA%B0%95_%EC%88%98%ED%95%99%EC%98%81%EC%97%AD_%EC%88%98%ED%95%99%E2%85%A0.pdf',1,104,'https://d1b632bso7m0wd.cloudfront.net/test_cover_img20.jpg',0,'2024-02-01 00:51:43','2024-02-14 17:27:09'),
(31,42,17,'물리학 교재 3','https://d1b632bso7m0wd.cloudfront.net/EBS_2024%ED%95%99%EB%85%84%EB%8F%84_%EC%88%98%EB%8A%A5%ED%8A%B9%EA%B0%95_%EC%88%98%ED%95%99%EC%98%81%EC%97%AD_%EC%88%98%ED%95%99%E2%85%A0.pdf',1,104,'https://d1b632bso7m0wd.cloudfront.net/test_cover_img21.jpg',0,'2024-02-01 00:51:43','2024-02-14 17:27:09'),
(32,42,18,'화학 교재 1','https://d1b632bso7m0wd.cloudfront.net/EBS_2024%ED%95%99%EB%85%84%EB%8F%84_%EC%88%98%EB%8A%A5%ED%8A%B9%EA%B0%95_%EC%88%98%ED%95%99%EC%98%81%EC%97%AD_%EC%88%98%ED%95%99%E2%85%A0.pdf',1,104,'https://d1b632bso7m0wd.cloudfront.net/test_cover_img22.jpg',0,'2024-02-01 00:51:43','2024-02-14 17:30:49'),
(33,42,18,'화학 교재 2','https://d1b632bso7m0wd.cloudfront.net/EBS_2024%ED%95%99%EB%85%84%EB%8F%84_%EC%88%98%EB%8A%A5%ED%8A%B9%EA%B0%95_%EC%88%98%ED%95%99%EC%98%81%EC%97%AD_%EC%88%98%ED%95%99%E2%85%A0.pdf',1,104,'https://d1b632bso7m0wd.cloudfront.net/test_cover_img23.jpg',0,'2024-02-01 00:51:43','2024-02-14 17:30:49'),
(34,42,18,'화학 교재 3','https://d1b632bso7m0wd.cloudfront.net/EBS_2024%ED%95%99%EB%85%84%EB%8F%84_%EC%88%98%EB%8A%A5%ED%8A%B9%EA%B0%95_%EC%88%98%ED%95%99%EC%98%81%EC%97%AD_%EC%88%98%ED%95%99%E2%85%A0.pdf',1,104,'https://d1b632bso7m0wd.cloudfront.net/test_cover_img24.jpg',0,'2024-02-01 00:51:43','2024-02-14 17:30:49'),
(35,42,19,'생명과학 교재 1','https://d1b632bso7m0wd.cloudfront.net/EBS_2024%ED%95%99%EB%85%84%EB%8F%84_%EC%88%98%EB%8A%A5%ED%8A%B9%EA%B0%95_%EC%88%98%ED%95%99%EC%98%81%EC%97%AD_%EC%88%98%ED%95%99%E2%85%A0.pdf',1,104,'https://d1b632bso7m0wd.cloudfront.net/test_cover_img25.jpg',0,'2024-02-01 00:51:43','2024-02-14 17:30:49'),
(36,42,19,'생명과학 교재 2','https://d1b632bso7m0wd.cloudfront.net/EBS_2024%ED%95%99%EB%85%84%EB%8F%84_%EC%88%98%EB%8A%A5%ED%8A%B9%EA%B0%95_%EC%88%98%ED%95%99%EC%98%81%EC%97%AD_%EC%88%98%ED%95%99%E2%85%A0.pdf',1,104,'https://d1b632bso7m0wd.cloudfront.net/test_cover_img26.jpg',0,'2024-02-01 00:51:43','2024-02-14 17:30:49'),
(37,42,19,'생명과학 교재 3','https://d1b632bso7m0wd.cloudfront.net/EBS_2024%ED%95%99%EB%85%84%EB%8F%84_%EC%88%98%EB%8A%A5%ED%8A%B9%EA%B0%95_%EC%88%98%ED%95%99%EC%98%81%EC%97%AD_%EC%88%98%ED%95%99%E2%85%A0.pdf',1,104,'https://d1b632bso7m0wd.cloudfront.net/test_cover_img27.jpg',0,'2024-02-01 00:51:43','2024-02-14 17:30:49'),
(38,42,20,'지구과학 교재 1','https://d1b632bso7m0wd.cloudfront.net/EBS_2024%ED%95%99%EB%85%84%EB%8F%84_%EC%88%98%EB%8A%A5%ED%8A%B9%EA%B0%95_%EC%88%98%ED%95%99%EC%98%81%EC%97%AD_%EC%88%98%ED%95%99%E2%85%A0.pdf',1,104,'https://d1b632bso7m0wd.cloudfront.net/test_cover_img28.jpg',0,'2024-02-01 00:51:43','2024-02-14 17:30:49'),
(39,42,20,'지구과학 교재 2','https://d1b632bso7m0wd.cloudfront.net/EBS_2024%ED%95%99%EB%85%84%EB%8F%84_%EC%88%98%EB%8A%A5%ED%8A%B9%EA%B0%95_%EC%88%98%ED%95%99%EC%98%81%EC%97%AD_%EC%88%98%ED%95%99%E2%85%A0.pdf',1,104,'https://d1b632bso7m0wd.cloudfront.net/test_cover_img29.jpg',0,'2024-02-01 00:51:43','2024-02-14 17:30:49'),
(40,42,20,'지구과학 교재 3','https://d1b632bso7m0wd.cloudfront.net/EBS_2024%ED%95%99%EB%85%84%EB%8F%84_%EC%88%98%EB%8A%A5%ED%8A%B9%EA%B0%95_%EC%88%98%ED%95%99%EC%98%81%EC%97%AD_%EC%88%98%ED%95%99%E2%85%A0.pdf',1,104,'https://d1b632bso7m0wd.cloudfront.net/test_cover_img30.jpg',0,'2024-02-01 00:51:43','2024-02-14 17:30:49'),
(41,46,7,'수능특강국어','https://d1b632bso7m0wd.cloudfront.net/2024%20%EC%88%98%EB%8A%A5%ED%8A%B9%EA%B0%95%20%ED%99%94%EB%B2%95%EA%B3%BC%EC%9E%91%EB%AC%B8.pdf',1,240,'https://d1b632bso7m0wd.cloudfront.net/%EC%88%98%EB%8A%A5%ED%8A%B9%EA%B0%95_%ED%99%94%EB%B2%95%EA%B3%BC%EC%9E%91%EB%AC%B8_cover.png',1,'2024-02-05 12:50:04','2024-02-13 07:14:28'),
(46,46,7,'화법과작문테스트','https://d1b632bso7m0wd.cloudfront.net/2024 수능특강 화법과작문.pdf',1,240,'https://d1b632bso7m0wd.cloudfront.net/화법과작문테스트_cover.png',0,'2024-02-05 16:59:59','2024-02-06 10:00:49'),
(53,57,7,'2024 수능특강 수학','https://d1b632bso7m0wd.cloudfront.net/EBS_2024학년도_수능특강_수학영역_수학Ⅰ.pdf',1,104,'https://d1b632bso7m0wd.cloudfront.net/2024 수능특강 수학_cover.png',0,'2024-02-07 16:59:33','2024-02-13 14:02:08'),
(54,58,11,'2024 수능특강 한국지리','https://d1b632bso7m0wd.cloudfront.net/2024 수특 한국지리.pdf',1,192,'https://d1b632bso7m0wd.cloudfront.net/2024 수능특강 한국지리_cover.png',0,'2024-02-07 17:01:25','2024-02-07 17:01:25'),
(55,59,17,'2024 수능특강 물리1','https://d1b632bso7m0wd.cloudfront.net/2024 수능특강 물리1.pdf',1,200,'https://d1b632bso7m0wd.cloudfront.net/2024 수능특강 물리1_cover.png',0,'2024-02-07 17:02:14','2024-02-07 17:02:14'),
(56,63,7,'2024 수능특강 수학','https://d1b632bso7m0wd.cloudfront.net/EBS_2024학년도_수능특강_수학영역_수학Ⅰ.pdf',1,104,'https://d1b632bso7m0wd.cloudfront.net/2024 수능특강 수학_cover.png',0,'2024-02-07 17:12:35','2024-02-07 17:12:35'),
(57,64,11,'2024 수능특강 한국지리','https://d1b632bso7m0wd.cloudfront.net/2024 수특 한국지리.pdf',1,192,'https://d1b632bso7m0wd.cloudfront.net/2024 수능특강 한국지리_cover.png',0,'2024-02-07 17:12:35','2024-02-07 17:12:35'),
(58,65,17,'2024 수능특강 물리1','https://d1b632bso7m0wd.cloudfront.net/2024 수능특강 물리1.pdf',1,200,'https://d1b632bso7m0wd.cloudfront.net/2024 수능특강 물리1_cover.png',1,'2024-02-07 17:12:35','2024-02-08 04:18:37'),
(59,69,7,'2024 수능특강 수학','https://d1b632bso7m0wd.cloudfront.net/EBS_2024학년도_수능특강_수학영역_수학Ⅰ.pdf',1,104,'https://d1b632bso7m0wd.cloudfront.net/2024 수능특강 수학_cover.png',0,'2024-02-07 17:12:35','2024-02-07 17:12:35'),
(60,70,11,'2024 수능특강 한국지리','https://d1b632bso7m0wd.cloudfront.net/2024 수특 한국지리.pdf',1,192,'https://d1b632bso7m0wd.cloudfront.net/2024 수능특강 한국지리_cover.png',0,'2024-02-07 17:12:35','2024-02-07 17:12:35'),
(61,71,17,'2024 수능특강 물리1','https://d1b632bso7m0wd.cloudfront.net/2024 수능특강 물리1.pdf',1,200,'https://d1b632bso7m0wd.cloudfront.net/2024 수능특강 물리1_cover.png',1,'2024-02-07 17:12:35','2024-02-08 04:15:43'),
(62,75,7,'2024 수능특강 수학','https://d1b632bso7m0wd.cloudfront.net/EBS_2024학년도_수능특강_수학영역_수학Ⅰ.pdf',1,104,'https://d1b632bso7m0wd.cloudfront.net/2024 수능특강 수학_cover.png',0,'2024-02-07 17:12:35','2024-02-07 17:12:35'),
(63,76,11,'2024 수능특강 한국지리','https://d1b632bso7m0wd.cloudfront.net/2024 수특 한국지리.pdf',1,192,'https://d1b632bso7m0wd.cloudfront.net/2024 수능특강 한국지리_cover.png',0,'2024-02-07 17:12:35','2024-02-07 17:12:35'),
(64,77,17,'2024 수능특강 물리1','https://d1b632bso7m0wd.cloudfront.net/2024 수능특강 물리1.pdf',1,200,'https://d1b632bso7m0wd.cloudfront.net/2024 수능특강 물리1_cover.png',0,'2024-02-07 17:12:35','2024-02-07 17:12:35'),
(65,81,7,'2024 수능특강 수학','https://d1b632bso7m0wd.cloudfront.net/EBS_2024학년도_수능특강_수학영역_수학Ⅰ.pdf',1,104,'https://d1b632bso7m0wd.cloudfront.net/2024 수능특강 수학_cover.png',0,'2024-02-07 17:12:35','2024-02-07 17:12:35'),
(66,82,11,'2024 수능특강 한국지리','https://d1b632bso7m0wd.cloudfront.net/2024 수특 한국지리.pdf',1,192,'https://d1b632bso7m0wd.cloudfront.net/2024 수능특강 한국지리_cover.png',0,'2024-02-07 17:12:35','2024-02-07 17:12:35'),
(67,83,17,'2024 수능특강 물리1','https://d1b632bso7m0wd.cloudfront.net/2024 수능특강 물리1.pdf',1,200,'https://d1b632bso7m0wd.cloudfront.net/2024 수능특강 물리1_cover.png',0,'2024-02-07 17:12:35','2024-02-07 17:12:35'),
(68,87,7,'2024 수능특강 수학','https://d1b632bso7m0wd.cloudfront.net/EBS_2024학년도_수능특강_수학영역_수학Ⅰ.pdf',1,104,'https://d1b632bso7m0wd.cloudfront.net/2024 수능특강 수학_cover.png',0,'2024-02-07 17:12:35','2024-02-07 17:12:35'),
(69,88,11,'2024 수능특강 한국지리','https://d1b632bso7m0wd.cloudfront.net/2024 수특 한국지리.pdf',1,192,'https://d1b632bso7m0wd.cloudfront.net/2024 수능특강 한국지리_cover.png',0,'2024-02-07 17:12:35','2024-02-07 17:12:35'),
(70,89,17,'2024 수능특강 물리1','https://d1b632bso7m0wd.cloudfront.net/2024 수능특강 물리1.pdf',1,200,'https://d1b632bso7m0wd.cloudfront.net/2024 수능특강 물리1_cover.png',0,'2024-02-07 17:12:35','2024-02-07 17:12:35'),
(71,93,7,'2024 수능특강 수학','https://d1b632bso7m0wd.cloudfront.net/EBS_2024학년도_수능특강_수학영역_수학Ⅰ.pdf',1,104,'https://d1b632bso7m0wd.cloudfront.net/2024 수능특강 수학_cover.png',0,'2024-02-07 17:12:35','2024-02-07 17:12:35'),
(72,94,11,'2024 수능특강 한국지리','https://d1b632bso7m0wd.cloudfront.net/2024 수특 한국지리.pdf',1,192,'https://d1b632bso7m0wd.cloudfront.net/2024 수능특강 한국지리_cover.png',0,'2024-02-07 17:12:35','2024-02-07 17:12:35'),
(73,95,17,'2024 수능특강 물리1','https://d1b632bso7m0wd.cloudfront.net/2024 수능특강 물리1.pdf',1,200,'https://d1b632bso7m0wd.cloudfront.net/2024 수능특강 물리1_cover.png',0,'2024-02-07 17:12:35','2024-02-07 17:12:35'),
(74,99,7,'2024 수능특강 수학','https://d1b632bso7m0wd.cloudfront.net/EBS_2024학년도_수능특강_수학영역_수학Ⅰ.pdf',1,104,'https://d1b632bso7m0wd.cloudfront.net/2024 수능특강 수학_cover.png',0,'2024-02-07 17:12:35','2024-02-07 17:12:35'),
(75,100,11,'2024 수능특강 한국지리','https://d1b632bso7m0wd.cloudfront.net/2024 수특 한국지리.pdf',1,192,'https://d1b632bso7m0wd.cloudfront.net/2024 수능특강 한국지리_cover.png',0,'2024-02-07 17:12:35','2024-02-07 17:12:35'),
(76,101,17,'2024 수능특강 물리1','https://d1b632bso7m0wd.cloudfront.net/2024 수능특강 물리1.pdf',1,200,'https://d1b632bso7m0wd.cloudfront.net/2024 수능특강 물리1_cover.png',0,'2024-02-07 17:12:35','2024-02-07 17:12:35'),
(77,105,7,'2024 수능특강 수학','https://d1b632bso7m0wd.cloudfront.net/EBS_2024학년도_수능특강_수학영역_수학Ⅰ.pdf',1,104,'https://d1b632bso7m0wd.cloudfront.net/2024 수능특강 수학_cover.png',0,'2024-02-07 17:12:35','2024-02-07 17:12:35'),
(78,106,11,'2024 수능특강 한국지리','https://d1b632bso7m0wd.cloudfront.net/2024 수특 한국지리.pdf',1,192,'https://d1b632bso7m0wd.cloudfront.net/2024 수능특강 한국지리_cover.png',0,'2024-02-07 17:12:35','2024-02-07 17:12:35'),
(79,107,17,'2024 수능특강 물리1','https://d1b632bso7m0wd.cloudfront.net/2024 수능특강 물리1.pdf',1,200,'https://d1b632bso7m0wd.cloudfront.net/2024 수능특강 물리1_cover.png',0,'2024-02-07 17:12:35','2024-02-07 17:12:35'),
(80,59,18,'2024 수능특강 화학1','https://d1b632bso7m0wd.cloudfront.net/2024 수능특강 화학Ⅰ.pdf',1,208,'https://d1b632bso7m0wd.cloudfront.net/2024 수능특강 화학1_cover.png',0,'2024-02-07 08:31:18','2024-02-07 08:31:18'),
(81,87,6,'돈 버는 법','https://d1b632bso7m0wd.cloudfront.net/코드 리뷰의 또 다른 접근 방법- Pull Requests vs. Stacked Changes, 서지연.pdf',1,69,'https://d1b632bso7m0wd.cloudfront.net/돈 버는 법_cover.png',0,'2024-02-08 04:09:18','2024-02-08 04:09:18'),
(82,71,18,'도커 설정','https://d1b632bso7m0wd.cloudfront.net/Docker_Nginx_싱글 [신규]_20230307 (1).pdf',1,4,'https://d1b632bso7m0wd.cloudfront.net/도커 설정_cover.png',1,'2024-02-08 04:13:34','2024-02-08 04:15:43'),
(83,105,7,'숙제','https://d1b632bso7m0wd.cloudfront.net/칩칩포커_ppt_1.pdf',1,19,'https://d1b632bso7m0wd.cloudfront.net/숙제_cover.png',0,'2024-02-08 04:15:38','2024-02-08 04:15:38'),
(84,105,7,'숙제','https://d1b632bso7m0wd.cloudfront.net/칩칩포커_ppt_1.pdf',1,19,'https://d1b632bso7m0wd.cloudfront.net/숙제_cover.png',0,'2024-02-08 04:15:43','2024-02-08 04:15:43'),
(85,105,7,'숙제','https://d1b632bso7m0wd.cloudfront.net/칩칩포커_ppt_1.pdf',1,19,'https://d1b632bso7m0wd.cloudfront.net/숙제_cover.png',0,'2024-02-08 04:15:44','2024-02-08 04:15:44'),
(86,105,7,'숙제','https://d1b632bso7m0wd.cloudfront.net/칩칩포커_ppt_1.pdf',1,19,'https://d1b632bso7m0wd.cloudfront.net/숙제_cover.png',0,'2024-02-08 04:15:45','2024-02-08 04:15:45'),
(87,71,17,'도커 설정 ','https://d1b632bso7m0wd.cloudfront.net/Docker_Nginx_싱글 [신규]_20230307 (1).pdf',1,4,'https://d1b632bso7m0wd.cloudfront.net/도커 설정 _cover.png',0,'2024-02-08 04:15:57','2024-02-08 04:15:57'),
(88,71,17,'도커 설정 ','https://d1b632bso7m0wd.cloudfront.net/Docker_Nginx_싱글 [신규]_20230307 (1).pdf',1,4,'https://d1b632bso7m0wd.cloudfront.net/도커 설정 _cover.png',0,'2024-02-08 04:15:58','2024-02-08 04:15:58'),
(89,70,10,'ㅌㅊㅍ호ㅓ','https://d1b632bso7m0wd.cloudfront.net/[별첨] 10기 교육지원금 매뉴얼(교육생용) (1).pdf',1,6,'https://d1b632bso7m0wd.cloudfront.net/ㅌㅊㅍ호ㅓ_cover.png',0,'2024-02-08 04:16:57','2024-02-08 04:16:57'),
(90,70,12,'ㅌㅍ츄호ㅓㅏ','https://d1b632bso7m0wd.cloudfront.net/[별첨] 10기 교육지원금 매뉴얼(교육생용) (1).pdf',1,6,'https://d1b632bso7m0wd.cloudfront.net/ㅌㅍ츄호ㅓㅏ_cover.png',0,'2024-02-08 04:17:09','2024-02-08 04:17:09'),
(99,46,12,'동아시아사 수능특강','https://d1b632bso7m0wd.cloudfront.net/2024 수능특강 동아시아사.pdf',1,176,'https://d1b632bso7m0wd.cloudfront.net/46_동아시아사 수능특강_cover.png',0,'2024-02-13 07:10:59','2024-02-13 07:10:59'),
(100,57,6,'수특 2024 화법과작문','https://d1b632bso7m0wd.cloudfront.net/2024 수능특강 화법과작문.pdf',1,240,'https://d1b632bso7m0wd.cloudfront.net/57_수특 2024 화법과작문_cover.png',0,'2024-02-13 07:35:26','2024-02-13 07:35:26'),
(101,57,8,'테스트 화학1입니다','https://d1b632bso7m0wd.cloudfront.net/2024 수능특강 화학Ⅰ.pdf',0,208,'https://d1b632bso7m0wd.cloudfront.net/57_테스트 화학1입니다_cover.png',0,'2024-02-13 17:29:07','2024-02-13 17:29:07'),
(112,123,2,'2023 6월 모의고사 수학영역','https://d1b632bso7m0wd.cloudfront.net/수학영역.pdf',1,40,'https://d1b632bso7m0wd.cloudfront.net/123_2023 6월 모의고사 수학영역_cover.png',0,'2024-02-15 09:22:30','2024-02-15 09:22:30'),
(113,123,2,'2023 6월 모의고사 수학영역','https://d1b632bso7m0wd.cloudfront.net/수학영역.pdf',1,40,'https://d1b632bso7m0wd.cloudfront.net/123_2023 6월 모의고사 수학영역_cover.png',1,'2024-02-15 09:22:30','2024-02-15 09:22:39'),
(114,123,2,'2023 6월 모의고사 수학영역','https://d1b632bso7m0wd.cloudfront.net/수학영역.pdf',0,40,'https://d1b632bso7m0wd.cloudfront.net/123_2023 6월 모의고사 수학영역_cover.png',1,'2024-02-15 09:22:32','2024-02-15 09:22:39'),
(121,46,3,'23고등수학수능','https://d1b632bso7m0wd.cloudfront.net/mathB_1_mun_13GC1N8A.pdf',1,12,'https://d1b632bso7m0wd.cloudfront.net/46_23고등수학수능_cover.png',0,'2024-02-15 10:48:56','2024-02-15 10:48:56'),
(124,57,7,'2023 6월 모의고사 수학영역','https://d1b632bso7m0wd.cloudfront.net/수학영역.pdf',0,40,'https://d1b632bso7m0wd.cloudfront.net/57_2023 6월 모의고사 수학영역_cover.png',0,'2024-02-15 20:51:32','2024-02-15 20:51:32'),
(125,57,7,'23 수능 미적분','https://d1b632bso7m0wd.cloudfront.net/mathB_1_mun_13GC1N8A.pdf',1,12,'https://d1b632bso7m0wd.cloudfront.net/57_23 수능 미적분_cover.png',0,'2024-02-15 11:52:08','2024-02-15 11:52:08');
/*!40000 ALTER TABLE `textbook` ENABLE KEYS */;
UNLOCK TABLES;

--
-- Table structure for table `tutoring`
--

DROP TABLE IF EXISTS `tutoring`;
/*!40101 SET @saved_cs_client     = @@character_set_client */;
/*!40101 SET character_set_client = utf8 */;
CREATE TABLE `tutoring` (
  `id` bigint(20) NOT NULL AUTO_INCREMENT,
  `chat_room_id` bigint(20) NOT NULL,
  `subject_id` bigint(20) DEFAULT NULL,
  `hourly_rate` int(11) DEFAULT NULL,
  `status` varchar(20) DEFAULT 'IN_PROGRESS' COMMENT 'IN_PROGRESS, CLOSED',
  `student_member_id` bigint(20) NOT NULL,
  `teacher_member_id` bigint(20) NOT NULL,
  `created_at` datetime DEFAULT current_timestamp(),
  `updated_at` datetime DEFAULT current_timestamp() ON UPDATE current_timestamp(),
  PRIMARY KEY (`id`),
  KEY `FK_chat_room_id_in_tutoring` (`chat_room_id`),
  KEY `FK_student_member_id_in_tutoring` (`student_member_id`),
  KEY `FK_subject_id_in_tutoring` (`subject_id`),
  KEY `FK_teacher_member_id_in_tutoring` (`teacher_member_id`),
  CONSTRAINT `FK_chat_room_id_in_tutoring` FOREIGN KEY (`chat_room_id`) REFERENCES `chat_room` (`id`),
  CONSTRAINT `FK_student_member_id_in_tutoring` FOREIGN KEY (`student_member_id`) REFERENCES `member` (`id`),
  CONSTRAINT `FK_subject_id_in_tutoring` FOREIGN KEY (`subject_id`) REFERENCES `subject` (`id`),
  CONSTRAINT `FK_teacher_member_id_in_tutoring` FOREIGN KEY (`teacher_member_id`) REFERENCES `member` (`id`)
) ENGINE=InnoDB AUTO_INCREMENT=85 DEFAULT CHARSET=utf8mb4 COLLATE=utf8mb4_general_ci;
/*!40101 SET character_set_client = @saved_cs_client */;

--
-- Dumping data for table `tutoring`
--

LOCK TABLES `tutoring` WRITE;
/*!40000 ALTER TABLE `tutoring` DISABLE KEYS */;
INSERT INTO `tutoring` (`id`, `chat_room_id`, `subject_id`, `hourly_rate`, `status`, `student_member_id`, `teacher_member_id`, `created_at`, `updated_at`) VALUES (17,6,6,30000,'IN_PROGRESS',43,39,'2024-02-01 00:28:23','2024-02-01 00:28:23'),
(18,7,7,30000,'IN_PROGRESS',44,39,'2024-02-01 00:28:23','2024-02-01 00:28:23'),
(19,8,10,40000,'IN_PROGRESS',43,41,'2024-02-01 00:28:23','2024-02-01 00:28:23'),
(20,9,11,40000,'IN_PROGRESS',44,41,'2024-02-01 00:28:23','2024-02-01 00:28:23'),
(21,10,12,40000,'IN_PROGRESS',45,41,'2024-02-01 00:28:24','2024-02-01 00:28:24'),
(22,11,17,50000,'IN_PROGRESS',43,42,'2024-02-01 00:28:24','2024-02-01 00:28:24'),
(23,12,18,50000,'IN_PROGRESS',44,42,'2024-02-01 00:28:24','2024-02-01 00:28:24'),
(24,13,19,50000,'IN_PROGRESS',45,42,'2024-02-01 00:28:24','2024-02-01 00:28:24'),
(25,17,7,50000,'IN_PROGRESS',43,46,'2024-02-05 12:48:30','2024-02-06 09:53:09'),
(26,15,9,450000,'IN_PROGRESS',45,46,'2024-02-06 14:43:12','2024-02-06 14:43:12'),
(27,18,7,30000,'IN_PROGRESS',44,46,'2024-02-06 17:14:19','2024-02-06 17:14:19'),
(29,36,7,50000,'IN_PROGRESS',60,57,'2024-02-07 15:04:22','2024-02-07 15:04:22'),
(30,37,11,50000,'IN_PROGRESS',61,58,'2024-02-07 15:12:37','2024-02-07 15:12:37'),
(31,38,17,50000,'IN_PROGRESS',62,59,'2024-02-07 15:12:37','2024-02-07 15:12:37'),
(32,39,7,50000,'IN_PROGRESS',66,63,'2024-02-07 15:35:23','2024-02-07 15:35:23'),
(33,40,11,50000,'IN_PROGRESS',67,64,'2024-02-07 15:35:46','2024-02-07 15:35:46'),
(34,41,17,50000,'IN_PROGRESS',68,65,'2024-02-07 15:35:53','2024-02-07 15:35:53'),
(35,42,7,50000,'IN_PROGRESS',72,69,'2024-02-07 15:36:14','2024-02-07 15:36:14'),
(36,43,11,50000,'IN_PROGRESS',73,70,'2024-02-07 15:36:20','2024-02-07 15:36:20'),
(37,44,17,50000,'IN_PROGRESS',74,71,'2024-02-07 15:36:26','2024-02-07 15:36:26'),
(38,45,7,50000,'IN_PROGRESS',78,75,'2024-02-07 15:36:33','2024-02-07 15:36:33'),
(39,46,11,50000,'IN_PROGRESS',79,76,'2024-02-07 15:36:41','2024-02-07 15:36:41'),
(40,47,17,50000,'IN_PROGRESS',80,77,'2024-02-07 15:36:48','2024-02-07 15:36:48'),
(41,48,7,50000,'IN_PROGRESS',84,81,'2024-02-07 15:36:57','2024-02-07 15:36:57'),
(42,49,11,50000,'IN_PROGRESS',85,82,'2024-02-07 15:37:03','2024-02-07 15:37:03'),
(43,50,17,50000,'IN_PROGRESS',86,83,'2024-02-07 15:37:10','2024-02-07 15:37:10'),
(44,51,7,50000,'IN_PROGRESS',90,87,'2024-02-07 15:37:17','2024-02-07 15:37:17'),
(45,52,11,50000,'IN_PROGRESS',91,88,'2024-02-07 15:37:23','2024-02-07 15:37:23'),
(46,53,17,50000,'IN_PROGRESS',92,89,'2024-02-07 15:37:29','2024-02-07 15:37:29'),
(47,54,7,50000,'IN_PROGRESS',96,93,'2024-02-07 15:37:37','2024-02-07 15:37:37'),
(48,55,11,50000,'IN_PROGRESS',97,94,'2024-02-07 15:37:44','2024-02-07 15:37:44'),
(49,56,17,50000,'IN_PROGRESS',98,95,'2024-02-07 15:37:51','2024-02-07 15:37:51'),
(50,57,7,50000,'IN_PROGRESS',102,99,'2024-02-07 15:37:59','2024-02-07 15:37:59'),
(51,58,11,50000,'IN_PROGRESS',103,100,'2024-02-07 15:38:08','2024-02-07 15:38:08'),
(52,59,17,50000,'IN_PROGRESS',104,101,'2024-02-07 15:38:15','2024-02-07 15:38:15'),
(53,60,7,50000,'IN_PROGRESS',108,105,'2024-02-07 15:38:22','2024-02-07 15:38:22'),
(54,61,11,50000,'IN_PROGRESS',109,106,'2024-02-07 15:38:30','2024-02-07 15:38:30'),
(55,62,17,50000,'IN_PROGRESS',110,107,'2024-02-07 15:38:37','2024-02-07 15:38:37'),
(56,69,16,199999999,'IN_PROGRESS',78,100,'2024-02-08 04:13:05','2024-02-08 04:13:05'),
(57,73,13,200,'IN_PROGRESS',85,83,'2024-02-08 04:14:10','2024-02-08 04:14:10'),
(58,84,2,124124,'IN_PROGRESS',79,99,'2024-02-08 04:14:20','2024-02-08 04:14:20'),
(59,64,1,10,'IN_PROGRESS',86,107,'2024-02-08 04:15:20','2024-02-08 04:15:20'),
(60,87,10,1000,'IN_PROGRESS',110,105,'2024-02-08 04:17:00','2024-02-08 04:17:00'),
(61,94,2,11111111,'IN_PROGRESS',109,105,'2024-02-08 04:17:37','2024-02-08 04:17:37'),
(62,100,3,10,'IN_PROGRESS',60,41,'2024-02-12 04:42:36','2024-02-12 04:42:36'),
(63,104,12,50000,'IN_PROGRESS',47,46,'2024-02-13 06:27:14','2024-02-13 06:27:14'),
(64,111,15,560000,'IN_PROGRESS',60,107,'2024-02-13 15:47:49','2024-02-13 15:47:49'),
(65,112,6,200000,'IN_PROGRESS',62,107,'2024-02-13 15:51:36','2024-02-13 15:51:36'),
(66,102,4,50000,'IN_PROGRESS',60,106,'2024-02-13 15:56:53','2024-02-13 15:56:53'),
(67,88,6,10000,'IN_PROGRESS',103,101,'2024-02-13 08:50:13','2024-02-13 08:50:13'),
(68,115,6,30000,'IN_PROGRESS',62,57,'2024-02-14 07:06:16','2024-02-14 07:06:16'),
(69,118,1,1000,'IN_PROGRESS',104,57,'2024-02-14 07:32:52','2024-02-14 07:32:52'),
(70,120,1,100,'IN_PROGRESS',45,123,'2024-02-15 00:05:39','2024-02-15 00:05:39'),
(79,130,2,10000,'IN_PROGRESS',67,57,'2024-02-15 08:39:19','2024-02-15 08:39:19');
/*!40000 ALTER TABLE `tutoring` ENABLE KEYS */;
UNLOCK TABLES;

--
-- Table structure for table `tutoring_schedule`
--

DROP TABLE IF EXISTS `tutoring_schedule`;
/*!40101 SET @saved_cs_client     = @@character_set_client */;
/*!40101 SET character_set_client = utf8 */;
CREATE TABLE `tutoring_schedule` (
  `id` bigint(20) NOT NULL AUTO_INCREMENT,
  `tutoring_id` bigint(20) NOT NULL,
  `schedule_date` date DEFAULT NULL COMMENT '과외 날짜',
  `start_time` time DEFAULT NULL COMMENT '과외 시작 시간',
  `duration` int(11) DEFAULT NULL COMMENT '과외 진행 시간(단위 : 분)',
  `title` varchar(64) DEFAULT NULL COMMENT '커리큘럼명',
  `updated_at` datetime DEFAULT current_timestamp() ON UPDATE current_timestamp(),
  `created_at` datetime DEFAULT current_timestamp(),
  PRIMARY KEY (`id`),
  KEY `FK_tutoring_id_in_tutoring_schedule` (`tutoring_id`),
  CONSTRAINT `FK_tutoring_id_in_tutoring_schedule` FOREIGN KEY (`tutoring_id`) REFERENCES `tutoring` (`id`)
) ENGINE=InnoDB AUTO_INCREMENT=300 DEFAULT CHARSET=utf8mb4 COLLATE=utf8mb4_general_ci;
/*!40101 SET character_set_client = @saved_cs_client */;

--
-- Dumping data for table `tutoring_schedule`
--

LOCK TABLES `tutoring_schedule` WRITE;
/*!40000 ALTER TABLE `tutoring_schedule` DISABLE KEYS */;
INSERT INTO `tutoring_schedule` (`id`, `tutoring_id`, `schedule_date`, `start_time`, `duration`, `title`, `updated_at`, `created_at`) VALUES (34,17,'2024-02-01','18:30:00',60,'현대 시','2024-02-07 14:10:10','2024-02-01 00:40:03'),
(35,17,'2024-02-02','00:00:00',60,'글쓰기 기초와 표현','2024-02-01 15:01:33','2024-02-01 00:40:03'),
(36,17,'2024-02-03','00:00:00',60,'한국어 문학과 작품 분석','2024-02-01 15:01:33','2024-02-01 00:40:03'),
(37,17,'2024-02-04','00:00:00',60,'문자와 단어의 의미','2024-02-01 15:01:33','2024-02-01 00:40:03'),
(38,17,'2024-02-05','00:00:00',60,'형용사와 부사 활용법','2024-02-01 15:01:33','2024-02-01 00:40:03'),
(39,17,'2024-02-06','00:00:00',60,'문학 작품 비교 분석','2024-02-01 15:01:33','2024-02-01 00:40:03'),
(40,17,'2024-02-07','00:00:00',60,'말하는 미술: 수사와 표현','2024-02-01 15:01:33','2024-02-01 00:40:03'),
(41,17,'2024-02-08','00:00:00',60,'형용사와 부사의 다양한 사용법','2024-02-01 15:01:33','2024-02-01 00:40:03'),
(42,17,'2024-02-09','00:00:00',60,'문학 작품 해석과 비평','2024-02-01 15:01:33','2024-02-01 00:40:03'),
(43,17,'2024-02-10','00:00:00',60,'문학적 표현의 다양성','2024-02-01 15:01:33','2024-02-01 00:40:03'),
(49,18,'2024-02-01','00:00:00',90,'수학의 기초 개념','2024-02-01 15:03:17','2024-02-01 00:40:03'),
(50,18,'2024-02-02','00:00:00',90,'수학 문제 해결 능력 향상','2024-02-01 15:03:17','2024-02-01 00:40:03'),
(51,18,'2024-02-03','00:00:00',90,'수학 실습과 응용','2024-02-01 15:03:17','2024-02-01 00:40:03'),
(52,18,'2024-02-04','00:00:00',90,'수학의 역사와 발전','2024-02-01 15:03:17','2024-02-01 00:40:03'),
(53,18,'2024-02-05','00:00:00',90,'수학적 모델링','2024-02-01 15:03:17','2024-02-01 00:40:03'),
(54,18,'2024-02-06','00:00:00',90,'수학 문제 해결 전략','2024-02-01 15:03:17','2024-02-01 00:40:03'),
(55,18,'2024-02-07','00:00:00',90,'수학과 과학의 연관성','2024-02-01 15:03:17','2024-02-01 00:40:03'),
(56,18,'2024-02-08','00:00:00',90,'수학적 사고와 논리','2024-02-01 15:03:17','2024-02-01 00:40:03'),
(57,18,'2024-02-09','00:00:00',90,'수학 공식과 정리','2024-02-01 15:03:17','2024-02-01 00:40:03'),
(58,18,'2024-02-10','00:00:00',90,'수학적 증명과 이론','2024-02-01 15:03:17','2024-02-01 00:40:03'),
(64,19,'2024-02-01','00:00:00',60,'윤리와 생활','2024-02-01 15:04:30','2024-02-01 00:40:04'),
(65,19,'2024-02-02','00:00:00',60,'생활과 윤리의 기초','2024-02-01 15:04:30','2024-02-01 00:40:04'),
(66,19,'2024-02-03','00:00:00',60,'윤리적 판단과 의사결정','2024-02-01 15:04:30','2024-02-01 00:40:04'),
(67,19,'2024-02-04','00:00:00',60,'윤리적 가치와 도덕적 행동','2024-02-01 15:04:30','2024-02-01 00:40:04'),
(68,19,'2024-02-05','00:00:00',60,'윤리적 논쟁과 논리','2024-02-01 15:04:30','2024-02-01 00:40:04'),
(69,19,'2024-02-06','00:00:00',60,'사회 윤리와 정치 윤리','2024-02-01 15:04:30','2024-02-01 00:40:04'),
(70,19,'2024-02-07','00:00:00',60,'윤리적 갈등 해결','2024-02-01 15:04:30','2024-02-01 00:40:04'),
(71,19,'2024-02-08','00:00:00',60,'윤리적 선택과 도덕적 책임','2024-02-01 15:04:30','2024-02-01 00:40:04'),
(72,19,'2024-02-09','00:00:00',60,'윤리적 이해와 응용','2024-02-01 15:04:30','2024-02-01 00:40:04'),
(73,19,'2024-02-10','00:00:00',60,'윤리와 생활의 관련성','2024-02-01 15:04:30','2024-02-01 00:40:04'),
(79,20,'2024-02-01','00:00:00',90,'한국지리의 기초','2024-02-01 15:05:46','2024-02-01 00:40:04'),
(80,20,'2024-02-02','00:00:00',90,'지형과 지리적 특성','2024-02-01 15:05:46','2024-02-01 00:40:04'),
(81,20,'2024-02-03','00:00:00',90,'한국의 지리적 분포','2024-02-01 15:05:46','2024-02-01 00:40:04'),
(82,20,'2024-02-04','00:00:00',90,'세계 지리와 문화','2024-02-01 15:05:46','2024-02-01 00:40:04'),
(83,20,'2024-02-05','00:00:00',90,'지리적 현상과 영향','2024-02-01 15:05:46','2024-02-01 00:40:04'),
(84,20,'2024-02-06','00:00:00',90,'지리적 정보와 분석','2024-02-01 15:05:46','2024-02-01 00:40:04'),
(85,20,'2024-02-07','00:00:00',90,'세계의 지리적 특성','2024-02-01 15:05:46','2024-02-01 00:40:04'),
(86,20,'2024-02-08','00:00:00',90,'문화와 환경','2024-02-01 15:05:46','2024-02-01 00:40:04'),
(87,20,'2024-02-09','00:00:00',90,'지리적 문제와 도전','2024-02-01 15:05:46','2024-02-01 00:40:04'),
(88,20,'2024-02-10','00:00:00',90,'지리학적 시각과 이해','2024-02-01 15:05:46','2024-02-01 00:40:04'),
(94,21,'2024-02-01','00:00:00',120,'동아시아사의 기초','2024-02-01 15:06:42','2024-02-01 00:40:04'),
(95,21,'2024-02-02','00:00:00',120,'동아시아의 역사적 변천','2024-02-01 15:06:42','2024-02-01 00:40:04'),
(96,21,'2024-02-03','00:00:00',120,'동아시아 문화와 예술','2024-02-01 15:06:42','2024-02-01 00:40:04'),
(97,21,'2024-02-04','00:00:00',120,'동아시아의 정치와 사회','2024-02-01 15:06:42','2024-02-01 00:40:04'),
(98,21,'2024-02-05','00:00:00',120,'동아시아의 경제와 무역','2024-02-01 15:06:42','2024-02-01 00:40:04'),
(99,21,'2024-02-06','00:00:00',120,'동아시아와 세계 역사의 상호작용','2024-02-01 15:06:42','2024-02-01 00:40:04'),
(100,21,'2024-02-07','00:00:00',120,'세계사의 이해와 연구 방법','2024-02-01 15:06:42','2024-02-01 00:40:04'),
(101,21,'2024-02-08','00:00:00',120,'세계 역사의 주요 사건과 인물','2024-02-01 15:06:42','2024-02-01 00:40:04'),
(102,21,'2024-02-09','00:00:00',120,'세계 역사와 문화적 다양성','2024-02-01 15:06:42','2024-02-01 00:40:04'),
(103,21,'2024-02-10','00:00:00',120,'세계사의 현대적 관점','2024-02-01 15:06:42','2024-02-01 00:40:04'),
(109,22,'2024-02-01','00:00:00',60,'물리학의 기초 개념','2024-02-01 15:08:04','2024-02-01 00:40:04'),
(110,22,'2024-02-02','00:00:00',60,'운동과 역학','2024-02-01 15:08:04','2024-02-01 00:40:04'),
(111,22,'2024-02-03','00:00:00',60,'열과 열역학','2024-02-01 15:08:04','2024-02-01 00:40:04'),
(112,22,'2024-02-04','00:00:00',60,'전기와 자기','2024-02-01 15:08:04','2024-02-01 00:40:04'),
(113,22,'2024-02-05','00:00:00',60,'물리학적 파동과 음향','2024-02-01 15:08:04','2024-02-01 00:40:04'),
(114,22,'2024-02-06','00:00:00',60,'광학과 광전자학','2024-02-01 15:08:04','2024-02-01 00:40:04'),
(115,22,'2024-02-07','00:00:00',60,'원자와 분자','2024-02-01 15:08:04','2024-02-01 00:40:04'),
(116,22,'2024-02-08','00:00:00',60,'물리학적 시스템과 고체 상태','2024-02-01 15:08:04','2024-02-01 00:40:04'),
(117,22,'2024-02-09','00:00:00',60,'물리학적 현상과 과학적 이론','2024-02-01 15:08:04','2024-02-01 00:40:04'),
(118,22,'2024-02-10','00:00:00',60,'물리학의 응용 분야','2024-02-01 15:08:04','2024-02-01 00:40:04'),
(124,23,'2024-02-01','00:00:00',90,'화학의 기초 개념','2024-02-01 15:09:00','2024-02-01 00:40:04'),
(125,23,'2024-02-02','00:00:00',90,'원자와 원소','2024-02-01 15:09:00','2024-02-01 00:40:04'),
(126,23,'2024-02-03','00:00:00',90,'화학의 주기성','2024-02-01 15:09:00','2024-02-01 00:40:04'),
(127,23,'2024-02-04','00:00:00',90,'분자와 화합물','2024-02-01 15:09:00','2024-02-01 00:40:04'),
(128,23,'2024-02-05','00:00:00',90,'화학 반응과 반응속도','2024-02-01 15:09:00','2024-02-01 00:40:04'),
(129,23,'2024-02-06','00:00:00',90,'열과 엔트로피','2024-02-01 15:09:00','2024-02-01 00:40:04'),
(130,23,'2024-02-07','00:00:00',90,'화학 평형과 평형상태','2024-02-01 15:09:00','2024-02-01 00:40:04'),
(131,23,'2024-02-08','00:00:00',90,'산업 및 환경 화학','2024-02-01 15:09:00','2024-02-01 00:40:04'),
(132,23,'2024-02-09','00:00:00',90,'화학과 생명과학','2024-02-01 15:09:00','2024-02-01 00:40:04'),
(133,23,'2024-02-10','00:00:00',90,'화학 연구와 응용','2024-02-01 15:09:00','2024-02-01 00:40:04'),
(139,24,'2024-02-01','00:00:00',120,'생명과학의 기초 개념','2024-02-01 15:09:54','2024-02-01 00:40:04'),
(140,24,'2024-02-02','00:00:00',120,'세포와 세포 생물학','2024-02-01 15:09:54','2024-02-01 00:40:04'),
(141,24,'2024-02-03','00:00:00',120,'유전자와 유전학','2024-02-01 15:09:54','2024-02-01 00:40:04'),
(142,24,'2024-02-04','00:00:00',120,'생명의 다양성과 분류','2024-02-01 15:09:54','2024-02-01 00:40:04'),
(143,24,'2024-02-05','00:00:00',120,'동물 생리학과 동물 행동','2024-02-01 15:09:54','2024-02-01 00:40:04'),
(144,24,'2024-02-06','00:00:00',120,'식물 생리학과 식물 생태학','2024-02-01 15:09:54','2024-02-01 00:40:04'),
(145,24,'2024-02-07','00:00:00',120,'생명의 진화와 형태학','2024-02-01 15:09:54','2024-02-01 00:40:04'),
(146,24,'2024-02-08','00:00:00',120,'생물학적 연구 방법과 실험','2024-02-01 15:09:54','2024-02-01 00:40:04'),
(147,24,'2024-02-09','00:00:00',120,'생명과학과 환경 상호작용','2024-02-01 15:09:54','2024-02-01 00:40:04'),
(148,24,'2024-02-10','00:00:00',120,'생명과학의 응용 분야','2024-02-01 15:09:54','2024-02-01 00:40:04'),
(154,19,'2024-02-08','18:30:00',60,'오늘 모먹지','2024-02-06 04:51:12','2024-02-06 04:51:12'),
(155,27,'2024-02-06','18:30:00',120,'집합의 개념','2024-02-06 17:17:37','2024-02-06 17:17:37'),
(156,27,'2024-02-07','18:30:00',120,'고등어 수학','2024-02-06 17:18:23','2024-02-06 17:18:23'),
(157,27,'2024-02-08','18:30:00',120,'수학의 정석','2024-02-06 17:19:10','2024-02-06 17:19:10'),
(158,27,'2024-02-09','18:20:00',120,'적분 마스터 특강','2024-02-06 17:20:48','2024-02-06 17:19:22'),
(165,21,'2024-02-07','18:30:00',60,'시험 3일전 수업','2024-02-07 11:24:21','2024-02-07 11:24:21'),
(166,21,'2024-03-01','18:30:00',60,'시험 3일전 수업','2024-02-07 11:24:21','2024-02-07 11:24:21'),
(171,37,'2024-02-08','18:30:00',60,'오늘의 과외','2024-02-08 04:07:29','2024-02-08 04:07:29'),
(172,29,'2024-02-08','18:30:00',60,'시험 3일전 수업','2024-02-08 04:07:44','2024-02-08 04:07:44'),
(173,44,'2024-02-05','18:30:00',60,'엎기','2024-02-08 04:07:55','2024-02-08 04:07:55'),
(174,44,'2024-02-06','18:30:00',60,'엎기','2024-02-08 04:07:55','2024-02-08 04:07:55'),
(175,44,'2024-02-07','18:30:00',60,'엎기','2024-02-08 04:07:55','2024-02-08 04:07:55'),
(176,44,'2024-02-08','18:30:00',60,'엎기','2024-02-08 04:07:55','2024-02-08 04:07:55'),
(177,45,'2024-02-15','18:30:00',60,'공부','2024-02-08 04:08:07','2024-02-08 04:08:07'),
(178,45,'2024-02-16','18:30:00',60,'과외','2024-02-08 04:08:07','2024-02-08 04:08:07'),
(179,53,'2024-02-08','18:30:00',60,'시험 3일전 수업','2024-02-08 04:08:09','2024-02-08 04:08:09'),
(180,35,'2024-02-22','18:30:00',60,'시험 3일전 수업','2024-02-08 04:14:52','2024-02-08 04:08:16'),
(182,46,'2024-02-08','18:30:00',60,'수학','2024-02-08 04:09:32','2024-02-08 04:09:32'),
(183,54,'2024-02-08','13:00:00',60,'따라와','2024-02-08 04:09:56','2024-02-08 04:09:56'),
(184,55,'2024-02-08','18:30:00',50,'마라어묵탕 맛있게 먹는 법','2024-02-08 04:18:45','2024-02-08 04:09:57'),
(185,45,'2024-02-08','18:30:00',60,'아아아아','2024-02-08 04:09:58','2024-02-08 04:09:58'),
(187,42,'2024-02-10','18:30:00',60,'11','2024-02-08 04:14:29','2024-02-08 04:10:18'),
(188,42,'2024-02-09','18:30:00',60,'123','2024-02-08 04:10:18','2024-02-08 04:10:18'),
(189,34,'2024-02-08','18:00:00',60,'ㅋㅋ해킹','2024-02-08 04:17:44','2024-02-08 04:10:55'),
(190,49,'2024-02-08','18:30:00',60,'ㅋㅋ','2024-02-08 04:11:03','2024-02-08 04:11:03'),
(191,49,'2024-02-15','18:30:00',60,'ㅎㅇ','2024-02-08 04:11:03','2024-02-08 04:11:03'),
(192,32,'2024-02-08','18:30:00',60,'ㅋㅋ','2024-02-08 04:11:04','2024-02-08 04:11:04'),
(193,31,'2024-02-21','18:34:00',20,'fffffww','2024-02-08 14:45:09','2024-02-08 04:11:07'),
(194,43,'2024-02-08','01:30:00',60,'ㅋㅋ','2024-02-08 04:12:40','2024-02-08 04:12:40'),
(195,48,'2024-02-08','18:30:00',60,'시험 3일전 수업','2024-02-08 04:13:26','2024-02-08 04:13:26'),
(196,47,'2024-02-08','18:30:00',60,'시험 3일전 수업','2024-02-08 04:14:57','2024-02-08 04:14:57'),
(197,30,'2024-02-08','18:30:00',60,'시험 3일전 수업','2024-02-08 04:15:07','2024-02-08 04:15:07'),
(198,30,'2024-02-09','18:30:00',60,'시험 3일전 수업','2024-02-08 04:15:07','2024-02-08 04:15:07'),
(199,35,'2024-02-14','18:30:00',60,'시험 3일전 수업22','2024-02-08 04:15:28','2024-02-08 04:15:10'),
(200,35,'2024-02-15','18:30:00',60,'시험 3일전 수업','2024-02-08 04:15:54','2024-02-08 04:15:43'),
(203,43,'2024-02-09','18:30:00',60,'시험 3일전 수업','2024-02-08 04:17:20','2024-02-08 04:17:20'),
(204,35,'2024-02-20','18:30:00',60,'시험 3일전 수업','2024-02-08 04:17:36','2024-02-08 04:17:24'),
(205,17,'2024-02-28','18:30:00',60,'ㅁㅁㅁㄴ','2024-02-08 04:18:51','2024-02-08 04:18:40'),
(209,31,'2024-02-08','18:30:00',60,'헬로','2024-02-08 14:45:59','2024-02-08 14:45:59'),
(210,21,'2024-02-11','18:30:00',60,'지수함수와 로그함수','2024-02-11 12:11:56','2024-02-11 12:11:56'),
(211,29,'2024-02-11','18:30:00',60,'지수함수와 로그함수','2024-02-11 12:13:39','2024-02-11 12:13:39'),
(212,20,'2024-02-12','18:30:00',60,'시험 3일전 수업','2024-02-12 01:43:24','2024-02-12 01:43:24'),
(213,62,'2024-02-12','01:30:00',60,'지수함수와 로그함수','2024-02-12 11:55:40','2024-02-12 11:55:40'),
(214,62,'2024-02-12','04:30:00',60,'30','2024-02-12 17:00:55','2024-02-12 17:00:55'),
(215,62,'2024-02-12','22:30:00',60,'비디오','2024-02-12 21:35:56','2024-02-12 21:35:56'),
(216,27,'2024-02-12','22:13:41',60,'영상업로드테스트','2024-02-12 22:13:55','2024-02-12 22:13:55'),
(217,21,'2024-02-13','18:30:00',60,'그림 그리기','2024-02-13 00:07:43','2024-02-13 00:07:43'),
(218,21,'2024-02-13','08:30:00',60,'123','2024-02-13 00:43:31','2024-02-13 00:43:31'),
(219,21,'2024-02-13','01:30:00',60,'123123','2024-02-13 01:03:07','2024-02-13 01:03:07'),
(220,21,'2024-02-13','03:30:00',60,'123123??','2024-02-13 01:06:21','2024-02-13 01:06:21'),
(221,62,'2024-02-13','22:30:00',60,'헤롱','2024-02-13 10:10:24','2024-02-13 10:10:24'),
(222,62,'2024-02-13','05:30:00',10,'헤롱','2024-02-13 10:12:13','2024-02-13 10:12:13'),
(223,29,'2024-02-13','18:30:00',60,'123','2024-02-13 10:12:32','2024-02-13 10:12:32'),
(224,29,'2024-02-13','02:30:00',60,'????','2024-02-13 08:14:25','2024-02-13 10:13:20'),
(225,52,'2024-02-13','18:30:00',60,'test','2024-02-13 01:41:35','2024-02-13 01:41:35'),
(226,26,'2024-02-13','14:00:00',60,'videotest','2024-02-13 13:42:35','2024-02-13 13:42:35'),
(228,63,'2024-02-15','18:00:00',120,'동아시아사 시작','2024-02-13 06:54:32','2024-02-13 06:47:43'),
(229,63,'2024-02-20','18:00:00',120,'세계사 시작','2024-02-13 06:47:43','2024-02-13 06:47:43'),
(230,29,'2024-02-13','12:30:00',60,'헤롱','2024-02-13 17:28:25','2024-02-13 17:28:25'),
(231,62,'2024-02-13','00:30:00',10,'고고','2024-02-13 17:36:50','2024-02-13 17:36:50'),
(232,62,'2024-02-13','00:00:00',10,'123123123123123ㅁㅁ','2024-02-13 17:40:58','2024-02-13 17:40:58'),
(233,62,'2024-02-14','00:30:00',60,'지수함수와 로그함수','2024-02-13 23:55:43','2024-02-13 23:55:43'),
(235,29,'2024-02-14','18:30:00',60,'123','2024-02-14 01:41:34','2024-02-14 01:41:34'),
(236,26,'2024-02-14','18:30:00',60,'sss','2024-02-14 01:59:15','2024-02-14 01:59:15'),
(237,29,'2024-02-14','02:30:00',60,'타이머','2024-02-14 13:16:53','2024-02-14 13:16:53'),
(239,24,'2024-02-14','10:30:00',60,'시험 3일전 수업','2024-02-14 15:22:27','2024-02-14 15:22:27'),
(240,24,'2024-02-14','15:30:00',120,'생명과학 심화','2024-02-14 06:25:39','2024-02-14 06:25:39'),
(241,52,'2024-02-14','18:30:00',60,'DD','2024-02-14 06:43:57','2024-02-14 06:43:57'),
(242,69,'2024-02-14','00:30:00',60,'로그인 강의','2024-02-14 07:33:29','2024-02-14 07:33:29'),
(243,27,'2024-02-14','16:55:00',60,'커리큘럼테스트','2024-02-14 07:40:24','2024-02-14 07:40:24'),
(244,29,'2024-02-15','18:30:00',60,'지수함수와 로그함수','2024-02-15 08:41:32','2024-02-15 08:41:32'),
(245,70,'2024-02-15','08:10:00',60,'지수함수와 로그함수','2024-02-15 09:10:11','2024-02-15 09:10:11'),
(246,25,'2024-02-15','08:30:00',60,'아침 테스트','2024-02-15 00:26:13','2024-02-15 00:26:13'),
(247,24,'2024-02-22','18:30:00',60,'rr','2024-02-15 01:03:12','2024-02-15 01:03:12'),
(248,24,'2024-02-23','18:30:00',60,'ㄱ','2024-02-15 01:05:01','2024-02-15 01:05:01'),
(272,18,'2024-02-15','18:30:00',60,'수1','2024-02-15 08:39:19','2024-02-15 08:39:19'),
(276,18,'2024-02-15','16:30:00',60,'고등','2024-02-15 08:48:04','2024-02-15 08:48:04'),
(286,25,'2024-02-15','20:30:00',60,'23수능 수학 문제풀이','2024-02-15 11:30:56','2024-02-15 11:30:56'),
(297,29,'2024-02-16','18:30:00',60,'지수함수와 로그함수','2024-02-15 16:45:58','2024-02-15 16:45:58'),
(298,29,'2024-02-23','18:30:00',60,'30','2024-02-15 16:45:58','2024-02-15 16:45:58'),
(299,29,'2024-03-01','18:30:00',60,'지수함수와 로그함수','2024-02-15 16:45:59','2024-02-15 16:45:59');
/*!40000 ALTER TABLE `tutoring_schedule` ENABLE KEYS */;
UNLOCK TABLES;

--
-- Table structure for table `video`
--

DROP TABLE IF EXISTS `video`;
/*!40101 SET @saved_cs_client     = @@character_set_client */;
/*!40101 SET character_set_client = utf8 */;
CREATE TABLE `video` (
  `id` bigint(20) NOT NULL AUTO_INCREMENT,
  `tutoring_schedule_id` bigint(20) NOT NULL,
  `video_url` varchar(2048) DEFAULT NULL,
  `start_time` time DEFAULT NULL,
  `end_time` time DEFAULT NULL,
  `created_at` datetime DEFAULT current_timestamp(),
  `updated_at` datetime DEFAULT current_timestamp() ON UPDATE current_timestamp(),
  PRIMARY KEY (`id`),
  KEY `FK_tutoring_schedule_id_in_video` (`tutoring_schedule_id`),
  CONSTRAINT `FK_tutoring_schedule_id_in_video` FOREIGN KEY (`tutoring_schedule_id`) REFERENCES `tutoring_schedule` (`id`)
) ENGINE=InnoDB AUTO_INCREMENT=79 DEFAULT CHARSET=utf8mb4 COLLATE=utf8mb4_general_ci;
/*!40101 SET character_set_client = @saved_cs_client */;

--
-- Dumping data for table `video`
--

LOCK TABLES `video` WRITE;
/*!40000 ALTER TABLE `video` DISABLE KEYS */;
INSERT INTO `video` (`id`, `tutoring_schedule_id`, `video_url`, `start_time`, `end_time`, `created_at`, `updated_at`) VALUES (1,34,'https://d1b632bso7m0wd.cloudfront.net/vod/N8ECzA9p4xSH.webm','17:59:03','17:59:33','2024-01-10 17:59:03','2024-02-14 17:26:04'),
(3,155,'https://d1b632bso7m0wd.cloudfront.net/vod/allaV9Nkz243.webm','17:39:51','17:40:21','2024-02-06 17:39:51','2024-02-14 17:27:23'),
(4,64,'https://d1b632bso7m0wd.cloudfront.net/vod/N8ECzA9p4xSH.webm','05:00:36','05:01:06','2024-02-08 05:00:36','2024-02-14 17:26:14'),
(7,79,'https://d1b632bso7m0wd.cloudfront.net/vod/N8ECzA9p4xSH.webm','20:17:39','20:18:09','2024-02-07 20:17:39','2024-02-14 17:26:27'),
(8,171,'https://d1b632bso7m0wd.cloudfront.net/vod/N8ECzA9p4xSH.webm','17:39:51','17:40:21','2024-02-08 04:09:15','2024-02-14 17:27:26'),
(9,185,'https://d1b632bso7m0wd.cloudfront.net/vod/N8ECzA9p4xSH.webm','17:39:51','17:40:21','2024-02-08 04:10:27','2024-02-14 17:27:30'),
(10,182,'https://d1b632bso7m0wd.cloudfront.net/vod/N8ECzA9p4xSH.webm','17:39:51','17:40:21','2024-02-08 04:10:28','2024-02-14 17:27:28'),
(11,172,'https://d1b632bso7m0wd.cloudfront.net/vod/N8ECzA9p4xSH.webm','17:39:51','17:40:21','2024-02-08 04:10:31','2024-02-14 17:27:26'),
(12,187,'https://d1b632bso7m0wd.cloudfront.net/vod/N8ECzA9p4xSH.webm','17:39:51','17:40:21','2024-02-08 04:10:36','2024-02-14 17:27:30'),
(13,179,'https://d1b632bso7m0wd.cloudfront.net/vod/N8ECzA9p4xSH.webm','17:39:51','17:40:21','2024-02-08 04:11:10','2024-02-14 17:27:28'),
(14,190,'https://d1b632bso7m0wd.cloudfront.net/vod/N8ECzA9p4xSH.webm','17:39:51','17:40:21','2024-02-08 04:11:18','2024-02-14 17:27:32'),
(15,184,'https://d1b632bso7m0wd.cloudfront.net/vod/N8ECzA9p4xSH.webm','17:39:51','17:40:21','2024-02-08 04:11:45','2024-02-14 17:27:29'),
(18,176,'https://d1b632bso7m0wd.cloudfront.net/vod/N8ECzA9p4xSH.webm','17:39:51','17:40:21','2024-02-08 04:12:46','2024-02-14 17:27:27'),
(20,189,'https://d1b632bso7m0wd.cloudfront.net/vod/N8ECzA9p4xSH.webm','17:39:51','17:40:21','2024-02-08 04:13:01','2024-02-14 17:27:31'),
(22,183,'https://d1b632bso7m0wd.cloudfront.net/vod/N8ECzA9p4xSH.webm','17:39:51','17:40:21','2024-02-08 04:13:31','2024-02-14 17:27:29'),
(23,195,'https://d1b632bso7m0wd.cloudfront.net/vod/N8ECzA9p4xSH.webm','17:39:51','17:40:21','2024-02-08 04:13:53','2024-02-14 17:30:47'),
(24,192,'https://d1b632bso7m0wd.cloudfront.net/vod/N8ECzA9p4xSH.webm','17:39:51','17:40:21','2024-02-08 04:13:53','2024-02-14 17:27:32'),
(25,193,'https://d1b632bso7m0wd.cloudfront.net/vod/N8ECzA9p4xSH.webm','17:39:51','17:40:21','2024-02-08 04:14:23','2024-02-14 17:27:33'),
(26,196,'https://d1b632bso7m0wd.cloudfront.net/vod/N8ECzA9p4xSH.webm','17:39:51','17:40:21','2024-02-08 04:15:14','2024-02-14 17:30:47'),
(27,198,'https://d1b632bso7m0wd.cloudfront.net/vod/N8ECzA9p4xSH.webm','17:39:51','17:40:21','2024-02-08 04:17:23','2024-02-14 17:30:48'),
(28,193,'https://d1b632bso7m0wd.cloudfront.net/vod/N8ECzA9p4xSH.webm','17:39:51','17:40:21','2024-02-08 04:18:47','2024-02-14 17:30:46'),
(32,156,'https://d1b632bso7m0wd.cloudfront.net/vod/N8ECzA9p4xSH.webm','17:39:51','17:40:21','2024-02-12 08:12:46','2024-02-14 17:27:25'),
(34,213,'https://d1b632bso7m0wd.cloudfront.net/vod/tL5cmtvjsT0c.webm','11:58:46','11:58:50','2024-02-12 11:58:46','2024-02-14 17:31:28'),
(35,214,'https://d1b632bso7m0wd.cloudfront.net/vod/xYoGm7dwCNyh.webm','21:33:38','21:51:42','2024-02-12 21:33:38','2024-02-13 13:36:52'),
(36,215,'https://d1b632bso7m0wd.cloudfront.net/vod/qkBtmqYqOyHw.webm','21:36:15','21:36:20','2024-02-12 21:36:15','2024-02-14 17:32:15'),
(37,212,'https://d1b632bso7m0wd.cloudfront.net/vod/Nc8YIhVWm46T.webm','22:05:37','22:05:42','2024-02-12 22:05:50','2024-02-14 17:25:48'),
(38,216,'https://d1b632bso7m0wd.cloudfront.net/vod/0eyUYJC5zQiz.webm','22:15:49','22:16:16','2024-02-12 22:15:49','2024-02-14 17:33:20'),
(39,226,'https://d1b632bso7m0wd.cloudfront.net/vod/RikmcgCjhKIZ.webm','13:44:58','13:45:17','2024-02-13 13:44:58','2024-02-13 13:45:18'),
(40,223,'https://d1b632bso7m0wd.cloudfront.net/vod/bgXTDFv74VTT.webm','17:28:45','17:29:19','2024-02-13 17:28:45','2024-02-13 17:29:22'),
(41,231,NULL,'17:37:13','17:37:53','2024-02-13 17:37:13','2024-02-13 17:37:53'),
(42,232,'https://d1b632bso7m0wd.cloudfront.net/vod/p4qQYbhiI5aQ.webm','17:41:15',NULL,'2024-02-13 17:41:16','2024-02-13 17:41:30'),
(43,228,'https://d1b632bso7m0wd.cloudfront.net/vod/TJM9csfCIEDd.webm','00:23:29','01:11:39','2024-02-14 00:23:29','2024-02-14 01:11:40'),
(44,229,'https://d1b632bso7m0wd.cloudfront.net/vod/KgQvtef8Yt3J.webm','01:13:01','01:13:33','2024-02-14 01:13:01','2024-02-14 17:34:39'),
(46,236,'https://d1b632bso7m0wd.cloudfront.net/vod/7FRUFB9wRZJg.webm','02:01:17','02:01:34','2024-02-14 02:01:17','2024-02-14 02:01:35'),
(47,235,'https://d1b632bso7m0wd.cloudfront.net/vod/TOn5GLqFigZe.webm','12:53:45','12:55:48','2024-02-14 12:53:45','2024-02-14 12:55:49'),
(48,237,'https://d1b632bso7m0wd.cloudfront.net/vod/NBnm2YDQj4H4.webm','13:18:40','13:34:12','2024-02-14 13:18:40','2024-02-14 14:00:03'),
(49,240,'https://d1b632bso7m0wd.cloudfront.net/vod/if3452jGZCdU.webm','15:31:35','15:31:41','2024-02-14 15:31:35','2024-02-15 10:03:11'),
(50,243,'https://d1b632bso7m0wd.cloudfront.net/vod/AXhXtfv64YM7.webm','17:38:00','17:38:24','2024-02-14 07:40:43','2024-02-14 17:38:27'),
(51,247,'https://d1b632bso7m0wd.cloudfront.net/vod/rqxfScgwIVwW.webm','01:03:23','01:03:54','2024-02-15 01:03:23','2024-02-15 01:03:58'),
(52,248,'https://d1b632bso7m0wd.cloudfront.net/vod/KyDaIWb0MQMz.webm','01:05:19','01:08:42','2024-02-15 01:05:19','2024-02-15 01:08:48'),
(66,244,'https://d1b632bso7m0wd.cloudfront.net/vod/RlzPUFJaRaLa.webm','16:19:07','16:19:45','2024-02-15 16:19:07','2024-02-15 21:20:10'),
(68,272,NULL,'08:46:02',NULL,'2024-02-15 08:46:02','2024-02-15 08:46:02'),
(69,276,'https://d1b632bso7m0wd.cloudfront.net/vod/DaDeFvfCWa8o.webm','08:49:11','08:52:17','2024-02-15 08:49:11','2024-02-15 08:52:38'),
(75,286,'https://d1b632bso7m0wd.cloudfront.net/vod/79Kj98FMRJeo.webm','11:41:38','11:42:30','2024-02-15 11:41:38','2024-02-15 11:42:49'),
(78,245,'https://d1b632bso7m0wd.cloudfront.net/vod/ZyxIJWwnxJoH.webm','18:49:16','18:49:32','2024-02-15 18:49:16','2024-02-15 18:49:33');
/*!40000 ALTER TABLE `video` ENABLE KEYS */;
UNLOCK TABLES;

--
-- Table structure for table `video_room`
--

DROP TABLE IF EXISTS `video_room`;
/*!40101 SET @saved_cs_client     = @@character_set_client */;
/*!40101 SET character_set_client = utf8 */;
CREATE TABLE `video_room` (
  `id` bigint(20) NOT NULL AUTO_INCREMENT,
  `tutoring_schedule_id` bigint(20) NOT NULL,
  `room_code` varchar(100) DEFAULT NULL COMMENT '화상과외방 입장 코드',
  `created_at` datetime DEFAULT current_timestamp(),
  `updated_at` datetime DEFAULT current_timestamp() ON UPDATE current_timestamp(),
  PRIMARY KEY (`id`),
  KEY `FK_tutoring_schedule_id_in_video_room` (`tutoring_schedule_id`),
  CONSTRAINT `FK_tutoring_schedule_id_in_video_room` FOREIGN KEY (`tutoring_schedule_id`) REFERENCES `tutoring_schedule` (`id`)
) ENGINE=InnoDB AUTO_INCREMENT=4 DEFAULT CHARSET=utf8mb4 COLLATE=utf8mb4_general_ci;
/*!40101 SET character_set_client = @saved_cs_client */;

--
-- Dumping data for table `video_room`
--

LOCK TABLES `video_room` WRITE;
/*!40000 ALTER TABLE `video_room` DISABLE KEYS */;
INSERT INTO `video_room` (`id`, `tutoring_schedule_id`, `room_code`, `created_at`, `updated_at`) VALUES (1,178,'83eb2e61-7771-48d8-9d23-53c455fe6155','2024-02-16 00:00:00','2024-02-16 00:00:00'),
(3,297,'87033520-d643-4068-983b-f31b21f2433e','2024-02-16 00:00:00','2024-02-16 00:00:00');
/*!40000 ALTER TABLE `video_room` ENABLE KEYS */;
UNLOCK TABLES;

--
-- Table structure for table `video_timestamp`
--

DROP TABLE IF EXISTS `video_timestamp`;
/*!40101 SET @saved_cs_client     = @@character_set_client */;
/*!40101 SET character_set_client = utf8 */;
CREATE TABLE `video_timestamp` (
  `id` bigint(20) NOT NULL AUTO_INCREMENT,
  `video_id` bigint(20) NOT NULL,
  `stamp_time` time DEFAULT NULL,
  `content` varchar(100) DEFAULT NULL,
  PRIMARY KEY (`id`),
  KEY `FK_video_id_in_timestamp` (`video_id`),
  CONSTRAINT `FK_video_id_in_timestamp` FOREIGN KEY (`video_id`) REFERENCES `video` (`id`)
) ENGINE=InnoDB AUTO_INCREMENT=69 DEFAULT CHARSET=utf8mb4 COLLATE=utf8mb4_general_ci;
/*!40101 SET character_set_client = @saved_cs_client */;

--
-- Dumping data for table `video_timestamp`
--

LOCK TABLES `video_timestamp` WRITE;
/*!40000 ALTER TABLE `video_timestamp` DISABLE KEYS */;
INSERT INTO `video_timestamp` (`id`, `video_id`, `stamp_time`, `content`) VALUES (8,3,'00:00:05','테스트2'),
(9,34,'00:00:32','3번 문제풀이'),
(10,34,'00:00:32','3번 문제풀이'),
(11,34,'00:00:32','3번 문제풀이'),
(12,34,'00:00:32','3번 문제풀이'),
(13,34,'00:00:32','3번 문제풀이'),
(14,34,'00:00:32','3번 문제풀이'),
(15,34,'00:00:32','3번 문제풀이'),
(16,34,'00:00:32','3번 문제풀이'),
(17,34,'00:00:32','3번 문제풀이'),
(18,43,'00:00:00',''),
(19,46,'00:00:00',''),
(20,43,'00:00:00',''),
(21,43,'00:00:00',''),
(22,44,'00:00:00',''),
(23,44,'00:00:00',''),
(24,38,'00:00:00','타임스탬프'),
(29,38,'00:00:00','타임스탬프'),
(30,37,'00:00:00','타임스탬프1'),
(36,38,'00:00:00','저장'),
(40,50,'00:00:00','입력'),
(41,52,'00:00:22','ㄱ'),
(42,52,'00:00:32','잠깐'),
(43,52,'00:00:36','굳'),
(44,52,'00:00:41','오'),
(45,52,'00:00:44','다음'),
(46,52,'00:00:48','오'),
(47,52,'00:00:05',''),
(48,52,'00:00:21',''),
(49,52,'00:00:11','1'),
(50,52,'00:00:37','2'),
(60,68,'00:00:27','수업내용 기록'),
(61,69,'00:00:45','타임스탬프 등록'),
(62,69,'00:02:19','타임스탬프 기록'),
(63,66,'00:03:54','거듭제곱근');
/*!40000 ALTER TABLE `video_timestamp` ENABLE KEYS */;
UNLOCK TABLES;
/*!40103 SET TIME_ZONE=@OLD_TIME_ZONE */;

/*!40101 SET SQL_MODE=@OLD_SQL_MODE */;
/*!40014 SET FOREIGN_KEY_CHECKS=@OLD_FOREIGN_KEY_CHECKS */;
/*!40014 SET UNIQUE_CHECKS=@OLD_UNIQUE_CHECKS */;
/*!40101 SET CHARACTER_SET_CLIENT=@OLD_CHARACTER_SET_CLIENT */;
/*!40101 SET CHARACTER_SET_RESULTS=@OLD_CHARACTER_SET_RESULTS */;
/*!40101 SET COLLATION_CONNECTION=@OLD_COLLATION_CONNECTION */;
/*!40111 SET SQL_NOTES=@OLD_SQL_NOTES */;

-- Dump completed on 2024-02-16  9:07:47
